"Date","FR","DE","Gaz"
2015-01-02,36.56,22.34,20.3
2015-01-05,44.8,36.18,19.825
2015-01-06,44.93,33.67,19.3
2015-01-07,45.53,38.59,19.1
2015-01-08,42.52,28.05,19.45
2015-01-09,33.02,24.48,19.35
2015-01-12,36.5,22.56,19.75
2015-01-13,36.82,24.97,19.8
2015-01-14,38.92,27.68,19.875
2015-01-15,37.08,24.76,19.9
2015-01-16,42.14,33.89,19.475
2015-01-19,46.44,42.75,19.2
2015-01-20,49.81,47,18.925
2015-01-21,50.08,44.93,19.25
2015-01-22,51.44,43.88,19.425
2015-01-23,48.49,42.26,19.45
2015-01-26,47.17,37.23,19.525
2015-01-27,48.28,33.21,20.075
2015-01-28,45.24,27.47,20.45
2015-01-29,49.09,26.93,20.75
2015-01-30,42.35,38.29,20.25
2015-02-02,54.18,42.47,20.975
2015-02-03,56.66,45.76,21
2015-02-04,53.67,48.49,21.325
2015-02-05,52.53,43.57,21.65
2015-02-06,52.09,39.29,21.3
2015-02-09,62.04,27.93,21.55
2015-02-10,62.09,44.4,22.25
2015-02-11,55.88,48.58,23.225
2015-02-12,54.24,48.15,24.1
2015-02-13,48.85,38.61,23.4
2015-02-16,54.93,35.63,23.175
2015-02-17,49.86,43,22.875
2015-02-18,51.11,43.22,22.925
2015-02-19,52.07,37.92,22.075
2015-02-20,50.96,30.91,22.45
2015-02-23,46.97,31.98,21.95
2015-02-24,46.23,34.8,22.7
2015-02-25,49.12,44.33,23.125
2015-02-26,48.03,37.12,23.75
2015-02-27,48.81,38.94,23.65
2015-03-02,45.54,26.57,23.3
2015-03-03,51.2,27.61,22.15
2015-03-04,47.59,26.21,22.425
2015-03-05,49.46,36.6,21.95
2015-03-06,50.36,40.09,21.9
2015-03-09,44.71,39.09,21.85
2015-03-10,47.17,37.77,22.025
2015-03-11,46.08,34.96,22.15
2015-03-12,44.99,39.37,21.9
2015-03-13,44.61,36.8,21.475
2015-03-16,54.08,30.86,21.35
2015-03-17,47.52,32.12,21.2
2015-03-18,45.12,36.51,21.5
2015-03-19,42.25,37.35,21.05
2015-03-20,40.84,35.3,21.1
2015-03-23,52.87,41.37,21.3
2015-03-24,56.6,48.2,21.7
2015-03-25,57.02,39.3,21.4
2015-03-26,50.35,40.83,22.4
2015-03-27,50.86,33.6,21.85
2015-03-30,39.15,18.7,21.9
2015-03-31,40.52,16.97,22.2
2015-04-01,44.12,20.68,23.2
2015-04-02,50.05,32.05,22.65
2015-04-07,52.16,36.03,22.55
2015-04-08,54.05,42.18,22.1
2015-04-09,52.6,42.25,22.375
2015-04-10,46.61,35.66,23.075
2015-04-13,48.66,24.07,22.425
2015-04-14,44.27,32.05,21.9
2015-04-15,46.09,27.1,22.25
2015-04-16,44.91,34.64,22.175
2015-04-17,42.67,37.35,21.425
2015-04-20,41.82,32.68,21.7
2015-04-21,41.91,30.2,21.75
2015-04-22,39.09,36.13,21.6
2015-04-23,39.34,34.55,21.3
2015-04-24,35.92,33.28,21.8
2015-04-27,39.75,35.27,21.55
2015-04-28,41.3,36.82,21.525
2015-04-29,41.48,32.33,21.5
2015-04-30,40.29,34.86,20.85
2015-05-01,21.64,23.09,20.025
2015-05-05,27.84,26.77,20.35
2015-05-06,30.37,25.46,20.35
2015-05-07,38.56,28.78,20.15
2015-05-08,25.11,29.37,20.3
2015-05-11,31.26,29.49,21.05
2015-05-12,28.37,29.05,21.025
2015-05-13,27.09,26.72,20.675
2015-05-14,20.11,20.27,20.675
2015-05-15,29.93,30.59,20.4
2015-05-18,29.7,30,20.7
2015-05-19,29.69,29.27,20.55
2015-05-20,35.5,34.76,20.55
2015-05-21,35.47,34.12,20.5
2015-05-22,32.87,31.16,20.5
2015-05-26,33.71,32.9,20.525
2015-05-27,31.67,32.2,20.675
2015-05-28,33.11,30.48,20.65
2015-05-29,32.98,30.57,20.575
2015-06-01,31.44,32.2,20.5
2015-06-02,23.58,21.19,20.325
2015-06-03,31.62,29.51,20.35
2015-06-04,31.62,28.14,20.375
2015-06-05,39.04,29.48,20.35
2015-06-08,32.98,30.71,20.575
2015-06-09,33.79,34.03,20.7
2015-06-10,32.43,32.46,20.6
2015-06-11,37.21,35.97,20.175
2015-06-12,35.69,34.97,20.325
2015-06-15,35.34,32.35,20.375
2015-06-16,38.75,37.36,20.5
2015-06-17,31.72,31.52,20.325
2015-06-18,36.97,32.56,20.475
2015-06-19,36.21,32.63,20.575
2015-06-22,34.6,33.45,20.8
2015-06-23,37.55,31.61,20.975
2015-06-24,35.54,31.12,20.875
2015-06-25,42.2,36.55,20.7
2015-06-26,40.41,36.04,20.5
2015-06-29,37.74,35.96,20.4
2015-06-30,39.9,35.63,20.775
2015-07-01,42.77,33.42,20.775
2015-07-02,48.7,34.02,21.05
2015-07-03,50.22,45.14,20.925
2015-07-06,47.35,38.69,21.05
2015-07-07,49.06,47.51,20.775
2015-07-08,37.85,29.37,20.6
2015-07-09,39.13,28.8,20.975
2015-07-10,39.35,33.18,20.875
2015-07-13,40.33,40.97,21.025
2015-07-14,35.34,42.38,21.1
2015-07-15,47.29,47.61,21.175
2015-07-16,47.07,45.38,21.075
2015-07-17,42.03,38.41,21.025
2015-07-20,43.89,42.88,21.075
2015-07-21,50.9,45.61,21.0625
2015-07-22,45.8,46.54,20.8
2015-07-23,48.32,47.47,20.525
2015-07-24,44.14,43.98,20.425
2015-07-27,25.18,30.68,20.475
2015-07-28,26.7,24.75,20.7
2015-07-29,28.12,27.04,20.7
2015-07-30,31.29,25.15,20.95
2015-07-31,31.4,30.58,20.45
2015-08-03,31.71,29.46,20.45
2015-08-04,36.85,33.47,20
2015-08-05,35.39,34.76,20.275
2015-08-06,36.42,34.48,20.375
2015-08-07,35.48,34.2,19.95
2015-08-10,33.37,34.36,20.025
2015-08-11,37.06,38.78,20.025
2015-08-12,35.48,37.53,19.475
2015-08-13,31.44,33.8,19.675
2015-08-14,30.05,30.97,19.5
2015-08-17,38.72,40.41,19.425
2015-08-18,35.39,37.84,19.6
2015-08-19,38.16,39.39,19.2
2015-08-20,33.26,36.9,19.1
2015-08-21,30.51,32.56,19.175
2015-08-24,32.2,30.83,18.6
2015-08-25,32.02,26.75,18.875
2015-08-26,32.08,28.64,18.9
2015-08-27,36.53,31.88,19.3
2015-08-28,43.35,41.32,19.7
2015-09-01,42.23,39.11,19.75
2015-09-02,41.36,37.84,19.975
2015-09-03,41.73,40.62,20.125
2015-09-04,37.15,32.68,19.45
2015-09-07,37.12,33.54,19.325
2015-09-08,38.23,35.48,19.375
2015-09-09,37.71,34.37,19.425
2015-09-10,38.48,33.61,19.4
2015-09-11,39.48,34.18,19.325
2015-09-14,37.12,33.55,19.125
2015-09-15,37.21,28.91,19.1
2015-09-16,36.38,33.19,19.175
2015-09-17,36.25,28.12,19.1
2015-09-18,38,37.06,18.975
2015-09-21,40.04,36.81,19
2015-09-22,42.72,33.71,19.075
2015-09-23,47.94,42.98,19.225
2015-09-24,44.92,31.95,18.6
2015-09-25,45.41,35.75,18.925
2015-09-28,44.58,34.83,18.575
2015-09-29,42.1,34.34,18.625
2015-09-30,41.49,37.17,18.3
2015-10-01,42.92,39.11,18.025
2015-10-02,45.9,37.59,17.65
2015-10-05,41.23,39.17,17.525
2015-10-06,39.45,37.31,18.2
2015-10-07,42.31,40.8,18.4
2015-10-08,48.34,47.32,18.6
2015-10-09,45.52,44.16,18.475
2015-10-12,44.99,35.57,18.7
2015-10-13,46.21,42.16,18.4
2015-10-14,51.91,44.79,18.275
2015-10-15,53.06,39.67,18.45
2015-10-16,55.55,47.75,18.475
2015-10-19,54.44,50.46,18.75
2015-10-20,53.19,48.35,18.475
2015-10-21,51.79,41.3,18.35
2015-10-22,49.08,37.14,18.3
2015-10-23,50.02,38.29,18.25
2015-10-26,47.27,39.37,18.05
2015-10-27,45.6,40.55,18.075
2015-10-28,49.37,42.3,18.05
2015-10-29,50.71,49.68,18.15
2015-10-30,45.07,43.07,17.75
2015-11-02,42.55,40.2,17.7
2015-11-03,45.47,41.61,17.5
2015-11-04,46.3,42.26,17.475
2015-11-05,46.22,43.85,17.175
2015-11-06,39.69,36.61,16.75
2015-11-09,37.28,28.42,16.475
2015-11-10,41.09,29.46,16.575
2015-11-11,36.69,35.02,16.375
2015-11-12,46.38,36.65,16.2
2015-11-13,38.56,31.52,16
2015-11-16,37.64,30.49,16.5
2015-11-17,35.72,30.66,17.075
2015-11-18,42.77,20.99,17.175
2015-11-19,40.98,25.48,17.425
2015-11-20,39.66,38.2,17.35
2015-11-23,64.64,49.87,17.625
2015-11-24,60.1,35.01,17.6
2015-11-25,55.5,41.96,17.875
2015-11-26,57.14,51.18,17.7
2015-11-27,53.67,36.52,17.775
2015-11-30,37.51,25.7,18.125
2015-12-01,45.39,35.85,18.025
2015-12-02,53.56,36.59,17.65
2015-12-03,45.3,42.34,17.3
2015-12-04,38.21,30.43,17.25
2015-12-07,40.8,40.64,16.85
2015-12-08,38.07,34.67,16.8
2015-12-09,52.08,34.82,16.625
2015-12-10,50.62,29.31,16.55
2015-12-11,46.24,26.36,16.325
2015-12-14,48.62,41.8,16.025
2015-12-15,44.48,42.74,15.95
2015-12-16,38.05,36.65,15.25
2015-12-17,33.74,32.59,15.25
2015-12-18,35.11,32.54,14.875
2015-12-21,32.94,23.36,14.475
2015-12-22,29.52,18.23,14.15
2015-12-23,30.47,20.17,13.975
2015-12-24,22.29,16.19,14.15
2015-12-29,33.61,31.21,15.4
2015-12-30,29.73,26.43,14.5
2015-12-31,24.07,22.35,14.35
2016-01-04,28.44,27.94,14.675
2016-01-05,33.9,33.46,14.775
2016-01-06,34.97,33.6,15.175
2016-01-07,34.49,32.8,15.45
2016-01-08,32.06,27.55,14.575
2016-01-11,32.56,33.6,14.475
2016-01-12,31.47,29.42,14.05
2016-01-13,36.62,29.3,14.25
2016-01-14,39.47,33.61,13.8
2016-01-15,39.2,35.51,13.475
2016-01-18,47.73,39.2,13.65
2016-01-19,54.36,47.96,13.625
2016-01-20,59.05,48.88,13.05
2016-01-21,59.33,52.11,13.05
2016-01-22,42.7,33.14,13.65
2016-01-25,31.59,28.35,12.725
2016-01-26,31.05,25.12,13.075
2016-01-27,27.03,19.35,13.45
2016-01-28,30.84,26.08,13.45
2016-01-29,29.09,22.36,13.175
2016-02-01,23.45,20.74,12.8
2016-02-02,23.34,16.97,13
2016-02-03,24.72,23.05,13.075
2016-02-04,26.78,26.64,12.475
2016-02-05,28.45,27.59,12.375
2016-02-08,19.93,12.39,12.275
2016-02-09,24.2,17.53,12.1
2016-02-10,27.93,24.52,12.3
2016-02-11,31.92,25.93,12.125
2016-02-12,28.59,28.57,12.15
2016-02-15,26.51,24.77,12.55
2016-02-16,35.23,32.23,12.525
2016-02-17,39.3,26.16,12.4
2016-02-18,37.12,27.91,12.4
2016-02-19,32.8,27.21,12.175
2016-02-22,22.71,20.14,12.65
2016-02-23,30.06,24.53,12.725
2016-02-24,29.65,24.2,12.525
2016-02-25,29.62,27.78,12.325
2016-02-26,28.15,28.05,12.4
2016-02-29,27.97,24.08,12.575
2016-03-01,31.21,24.5,12.6
2016-03-02,26.42,24.44,12.675
2016-03-03,29.51,28.28,12.55
2016-03-04,29.96,24.76,12.25
2016-03-07,32.86,29.44,12.5
2016-03-08,32.3,28.42,12.3
2016-03-09,28.18,25.58,12.35
2016-03-10,31.3,26.25,12.175
2016-03-11,29.68,28.21,12.35
2016-03-14,27.97,27.4,12.325
2016-03-15,29.61,27.15,12.225
2016-03-16,28.68,25.49,12.375
2016-03-17,30.26,27.52,12.35
2016-03-18,31.3,25.37,12.25
2016-03-21,32.44,25.28,11.95
2016-03-22,33.04,28.46,12.075
2016-03-23,29.96,26.47,12.1
2016-03-24,28.85,27.86,11.95
2016-03-29,27.58,23.16,12.025
2016-03-30,29.63,27.14,12.1
2016-03-31,28.13,27.81,12.375
2016-04-01,32.23,27.63,11.5
2016-04-04,28.69,27.21,11.275
2016-04-05,27.02,26.75,11.35
2016-04-06,26.37,22.34,11.35
2016-04-07,24.5,23.35,11.35
2016-04-08,28.66,28.66,11.15
2016-04-11,24.26,24.22,11.05
2016-04-12,28.08,28.34,11.35
2016-04-13,27.86,28.57,11.35
2016-04-14,26.71,26.66,11.325
2016-04-15,25.13,25.14,11.275
2016-04-18,26.33,23.77,11.8
2016-04-19,24.58,20.54,12
2016-04-20,24.6,24.12,11.975
2016-04-21,26.66,26.57,12.775
2016-04-22,26.49,26.06,13.2
2016-04-25,27.28,26.43,13.425
2016-04-26,29.64,27.11,14.275
2016-04-27,32.4,26.13,14.55
2016-04-28,34.08,30.1,13.1
2016-04-29,30.39,25.53,12.85
2016-05-03,29.3,28.22,12.15
2016-05-04,27.48,27.39,12.3
2016-05-05,19.37,19.21,12.625
2016-05-06,23.42,22.4,12.75
2016-05-09,25.85,22.26,12.9
2016-05-10,30.04,27.01,12.9
2016-05-11,27.67,24.84,12.925
2016-05-12,26.76,25.6,12.875
2016-05-13,26.63,26.63,13
2016-05-16,22.43,21.59,13.05
2016-05-17,31,30.1,13.2
2016-05-18,31.32,30.57,13.15
2016-05-19,33.44,33.37,12.9
2016-05-20,28.98,27.65,12.95
2016-05-23,30.68,29.24,12.95
2016-05-24,29.98,29.49,13.025
2016-05-25,31.42,30.7,13.2
2016-05-26,29.58,27.46,13.6
2016-05-27,30.29,28.9,14.05
2016-05-31,28.42,28.92,14.2
2016-06-01,30.63,30.33,14.225
2016-06-02,28.14,28.9,14.75
2016-06-03,29.52,29.13,14.275
2016-06-06,30.52,30.55,14.65
2016-06-07,29.66,29.19,15.05
2016-06-08,28.8,28.9,14.55
2016-06-09,30.24,30.66,14.325
2016-06-10,28.94,26.4,13.9
2016-06-13,29,29.58,13.8
2016-06-14,30.49,30.31,14.1
2016-06-15,31.55,30.61,14.125
2016-06-16,31.83,30.48,14.275
2016-06-17,28.54,27.87,14.325
2016-06-20,29.21,27,15.125
2016-06-21,33.44,33.31,14.8
2016-06-22,33.47,32.48,15.1
2016-06-23,32.84,29.28,15.1
2016-06-24,34.06,30.94,14.5
2016-06-27,30.19,28.03,14.375
2016-06-28,33.01,32.87,14.125
2016-06-29,28.99,27.42,14.325
2016-06-30,30.98,29.86,14.1
2016-07-01,29.2,26.62,14.025
2016-07-04,34.96,31.18,14.35
2016-07-05,28.82,25.33,14.15
2016-07-06,27.52,17.76,14.15
2016-07-07,31.59,29.6,14.275
2016-07-08,30.08,28,14.025
2016-07-11,29.65,25.56,13.9
2016-07-12,33.08,30.12,14.325
2016-07-13,33.92,32.23,14.15
2016-07-14,26.13,24.87,14.25
2016-07-15,27.4,26.52,14.1
2016-07-18,35.93,30.02,14.275
2016-07-19,37.83,32.42,14.275
2016-07-20,37.19,29.38,14.525
2016-07-21,40.12,32.93,14.75
2016-07-22,36.08,32,14.5
2016-07-25,36.09,33.15,14.625
2016-07-26,35.48,32.95,14.5
2016-07-27,34.19,33.42,14.25
2016-07-28,33.63,31.7,13.8
2016-07-29,31.24,30.15,13.5
2016-08-01,30.25,29.92,13.6
2016-08-02,32.44,32.44,13.45
2016-08-03,29.57,29.08,13.25
2016-08-04,29.81,28.26,13.325
2016-08-05,31.99,31.6,12.65
2016-08-08,25.05,21.68,12.55
2016-08-09,28.75,28.75,12.7
2016-08-10,27.94,28.18,12.3
2016-08-11,28.08,28.83,12.05
2016-08-12,28.22,27.8,11.725
2016-08-15,27.86,28.07,11.2
2016-08-16,30.39,29.61,11.575
2016-08-17,32.75,29.79,11.45
2016-08-18,32.5,30.8,11.25
2016-08-19,33.22,30.62,10.525
2016-08-22,30.98,28.6,11.05
2016-08-23,33.54,31.55,11.375
2016-08-24,34.4,29.51,10.925
2016-08-25,34.69,28.75,11.05
2016-08-26,36.74,29.75,11.8
2016-08-30,39.39,32.14,11.75
2016-08-31,38.6,30.6,11.675
2016-09-01,39.32,31.32,11.95
2016-09-02,37.93,30.96,12.1
2016-09-05,42.31,37.12,11.975
2016-09-06,40.54,32.87,12.1
2016-09-07,39.82,30.82,11.25
2016-09-08,34.29,30.94,11.2
2016-09-09,36.06,32.79,11.175
2016-09-12,41.51,33.29,10.775
2016-09-13,40.02,31.67,11.15
2016-09-14,40.4,29.07,11.15
2016-09-15,40.36,27.91,11.65
2016-09-16,35.83,32.98,11.725
2016-09-19,39.06,34.83,13.525
2016-09-20,41.51,34.56,12.425
2016-09-21,41.46,35.05,13.05
2016-09-22,40.93,32.59,13.225
2016-09-23,42.04,31.1,13.25
2016-09-26,43,37.05,13.425
2016-09-27,42.22,34.19,12.65
2016-09-28,43.16,24.22,13.15
2016-09-29,38.89,22.9,13.625
2016-09-30,42.91,34.26,13.425
2016-10-03,43.82,30.34,12.575
2016-10-04,41.78,30.22,13.725
2016-10-05,38.99,28.93,14.95
2016-10-06,48.32,32.23,15.5
2016-10-07,57.88,38.56,15.525
2016-10-10,57.84,50.23,15.525
2016-10-11,70.6,38.04,15.45
2016-10-12,63.18,36.88,15.2
2016-10-13,64.28,33.43,15.55
2016-10-14,63.64,29.2,15.525
2016-10-17,58.02,42.03,15.95
2016-10-18,66.85,39.9,16.65
2016-10-19,68.09,40.46,16.875
2016-10-20,76.38,40.69,17.025
2016-10-21,72.41,39.93,17
2016-10-24,73.16,42.23,17.45
2016-10-25,80.36,52.88,17.6
2016-10-26,70,44.95,17.25
2016-10-27,61.18,39.21,17.3
2016-10-28,58.93,36.17,16.925
2016-10-31,48.99,42.98,17.65
2016-11-01,47.82,34.49,18.3
2016-11-02,63.87,33.36,19.075
2016-11-03,69.21,45.49,18.75
2016-11-04,73.95,40.55,18.25
2016-11-07,125.92,39.13,18.075
2016-11-08,114.96,54.17,17.875
2016-11-09,88.4,48.21,18
2016-11-10,73.6,51.93,18.125
2016-11-11,61.93,47.79,18.2
2016-11-14,118.96,39.75,17.65
2016-11-15,86.62,40.37,17.875
2016-11-16,65.9,42.68,17.675
2016-11-17,59.29,32.84,17.75
2016-11-18,57.58,24.74,18.1
2016-11-21,41.03,34.27,17.175
2016-11-22,53.5,38.78,17.675
2016-11-23,52.56,45.31,17.75
2016-11-24,50.87,39.83,17.975
2016-11-25,52.76,42.61,17.725
2016-11-28,56.49,41.19,18.25
2016-11-29,71.28,42.43,18.25
2016-11-30,90.68,35.97,18.3
2016-12-01,102.88,26.81,18.1
2016-12-02,71.48,39.67,17.75
2016-12-05,63.28,48.95,17
2016-12-06,65.81,58.13,16.475
2016-12-07,61.29,37.49,16.325
2016-12-08,53.88,30.63,16.6
2016-12-09,55.32,35.78,16.725
2016-12-12,64.48,47.95,17.275
2016-12-13,64.08,49.08,17.3
2016-12-14,67.8,60.14,17
2016-12-15,68.44,49.81,17.05
2016-12-16,63.91,53.39,17.45
2016-12-19,67.42,57.31,17.725
2016-12-20,67.87,48.59,17.625
2016-12-21,64.72,40.16,17.75
2016-12-22,64.26,45.01,18.125
2016-12-23,56.4,37.39,18.325
2016-12-28,51.71,42.16,18.75
2016-12-29,52.03,46.18,18.925
2016-12-30,60.03,42,19.35
2017-01-03,69.87,37.49,18.5
2017-01-04,65.93,28.2,19.3
2017-01-05,66.61,50.16,18.95
2017-01-06,75.18,49.39,18.6
2017-01-09,70.33,55.6,19.2
2017-01-10,73.34,54.88,20.075
2017-01-11,77.53,34.8,20.6
2017-01-12,73.99,35.14,20.425
2017-01-13,79.9,39.57,20.175
2017-01-16,89.62,80.31,19.125
2017-01-17,106.16,85.06,19.75
2017-01-18,94.43,69.75,20.15
2017-01-19,92.26,67.13,20.6
2017-01-20,98.87,62.92,20.9
2017-01-23,94.4,76.38,22.2
2017-01-24,116.54,101.82,21.75
2017-01-25,121.27,85.56,20.7875
2017-01-26,108.73,48.6,20.225
2017-01-27,77.41,43.98,19.7
2017-01-30,63.53,51.78,20.775
2017-01-31,76.43,69.68,21.1
2017-02-01,65.29,50.72,22.25
2017-02-02,46.98,45.23,22.1
2017-02-03,47.62,48.05,23.125
2017-02-06,67.39,61.73,23.025
2017-02-07,60.64,53.1,22.15
2017-02-08,63.58,60.23,20.75
2017-02-09,63.04,57.45,20.7
2017-02-10,67.49,44.96,20.05
2017-02-13,50.02,42.48,19.1
2017-02-14,54.53,43.19,18.75
2017-02-15,52.23,47.15,18.8
2017-02-16,55.17,40.59,19
2017-02-17,54.22,43.13,18.2
2017-02-20,52.85,30.44,18.125
2017-02-21,50.22,33.11,17.775
2017-02-22,47.74,22.91,17.775
2017-02-23,43.28,26.16,18.325
2017-02-24,50.14,29.68,17.6
2017-02-27,40.3,28.36,17.15
2017-02-28,40.11,30.64,16.925
2017-03-01,45.79,35.58,17.25
2017-03-02,46.52,27.24,17
2017-03-03,39.34,38.46,16.7
2017-03-06,40.91,38.83,16.8
2017-03-07,45.52,44.63,16.575
2017-03-08,42.79,36.28,16.425
2017-03-09,42.43,37.81,16.2
2017-03-10,40.18,34.07,16
2017-03-13,35.69,36.42,15.85
2017-03-14,39.09,34.25,16
2017-03-15,38.55,34,16.075
2017-03-16,36.65,34.07,15.75
2017-03-17,35.52,28.07,15.75
2017-03-20,32.77,29.4,15.5
2017-03-21,39.35,30.96,15.6
2017-03-22,37.65,35.46,15.5
2017-03-23,37.14,34.15,15.175
2017-03-24,35.99,34.44,14.9
2017-03-27,34.74,34.97,14.7
2017-03-28,34.61,34.4,14.75
2017-03-29,35.15,31.31,15.075
2017-03-30,33.24,33.41,15.65
2017-03-31,32.66,31.79,15.475
2017-04-03,37.58,37.51,16
2017-04-04,38.6,38.56,16.025
2017-04-05,35.76,31.13,16.225
2017-04-06,36.02,31.06,16.075
2017-04-07,38.31,34.54,15.7
2017-04-10,34.26,27.34,15.6
2017-04-11,36.06,33.6,15.7
2017-04-12,35.79,27,15.7
2017-04-13,34.52,30.25,15.7
2017-04-18,35.94,34.41,16.575
2017-04-19,38.36,37.22,16.45
2017-04-20,40.54,36.74,16.15
2017-04-21,44.68,25.79,16.675
2017-04-24,36.14,31.46,16.4
2017-04-25,37.26,36.05,16.15
2017-04-26,43.73,40,16.4
2017-04-27,43.97,36.74,16.275
2017-04-28,41.79,36.85,16.45
2017-05-02,42.56,30.14,16.8
2017-05-03,46.26,34.37,16.65
2017-05-04,44.46,32.98,16.125
2017-05-05,39.31,38.53,16.075
2017-05-08,34.29,33.84,15.95
2017-05-09,40.22,39.83,15.9
2017-05-10,39.86,38.77,16.05
2017-05-11,37.11,33.58,15.275
2017-05-12,37.38,35.88,15.525
2017-05-15,36.42,36.42,15.5
2017-05-16,34.53,34.22,15.55
2017-05-17,32.98,32.23,15.475
2017-05-18,34.34,33.08,15.725
2017-05-19,34.27,34.04,15.375
2017-05-22,36.33,36.33,15.275
2017-05-23,33.14,32.94,15.5
2017-05-24,33.14,32.79,15.2
2017-05-25,27.98,27.4,15
2017-05-26,32.95,33.08,15.075
2017-05-30,40.66,36.36,15.55
2017-05-31,41.42,33.05,15.2
2017-06-01,39.02,36.28,15.05
2017-06-02,36.49,36.49,14.65
2017-06-05,28.42,27.53,15.05
2017-06-06,21.22,20.53,14.8
2017-06-07,21.6,13.51,14.9625
2017-06-08,30.44,30.11,15.15
2017-06-09,33.8,33.82,15.175
2017-06-12,33.32,25.08,15.075
2017-06-13,36.45,33.02,15.175
2017-06-14,38.02,37.53,15.225
2017-06-15,34.36,31.71,14.775
2017-06-16,29.92,19.46,15.125
2017-06-19,38.09,38.09,15.425
2017-06-20,38.74,35.54,15.375
2017-06-21,46.36,39.8,15.325
2017-06-22,41.1,34.67,15.225
2017-06-23,34.36,30.3,15.05
2017-06-26,41.42,32.91,15.275
2017-06-27,41.13,38.64,15.35
2017-06-28,36.06,35.57,15.325
2017-06-29,38.07,37.88,14.975
2017-06-30,33.99,32.11,15.325
2017-07-03,39.07,32.75,15.425
2017-07-04,42.45,35.31,15.35
2017-07-05,43.71,38.74,15.45
2017-07-06,45.66,39.4,15.275
2017-07-07,40.29,37.55,15.075
2017-07-10,40.18,39.99,15.1
2017-07-11,36.93,36.63,14.75
2017-07-12,36.21,34.14,14.825
2017-07-13,36.27,34.55,14.975
2017-07-14,33.99,36.77,15.05
2017-07-17,37.57,37.59,14.975
2017-07-18,39.38,37.47,14.975
2017-07-19,36.46,35.97,15
2017-07-20,36.64,37.1,15.15
2017-07-21,36.86,36.13,15.15
2017-07-24,38.56,38.7,15
2017-07-25,34.91,33.77,14.975
2017-07-26,33.72,32.98,15.4
2017-07-27,33.8,34.05,15.175
2017-07-28,32.6,30.87,15
2017-07-31,32.38,32.21,15.2
2017-08-01,34.63,34.56,14.925
2017-08-02,32.62,33.06,14.95
2017-08-03,29.84,27.79,15.025
2017-08-04,30.84,24.64,15.175
2017-08-07,33.43,33.09,15.525
2017-08-08,31.56,31.03,15.425
2017-08-09,30.93,30.67,15.95
2017-08-10,35.47,35.47,16.15
2017-08-11,34.83,37.38,16.225
2017-08-14,33.08,32.74,15.9
2017-08-15,28.09,27.04,15.85
2017-08-16,35.95,35.94,16.15
2017-08-17,33.6,33.44,16.2
2017-08-18,33.65,33.13,16.375
2017-08-21,32.08,30.58,16.35
2017-08-22,36.88,37.18,16.3
2017-08-23,37.14,36.47,16.675
2017-08-24,38.04,35.87,16.325
2017-08-25,38.22,37.94,16.5
2017-08-29,43.16,37.71,16.625
2017-08-30,38.81,36.09,16.825
2017-08-31,39.62,38.59,16.375
2017-09-01,38.87,38.79,16.45
2017-09-04,36.97,36.6,16.5
2017-09-05,37.53,37.53,16.95
2017-09-06,35.88,30.95,16.95
2017-09-07,35.05,34.25,16.825
2017-09-08,31.93,26.94,17.075
2017-09-11,26.5,22.28,17.3
2017-09-12,33.7,29.9,17.3
2017-09-13,26.77,11.64,17.55
2017-09-14,29.86,24.73,17.975
2017-09-15,38.04,36.41,17.85
2017-09-18,44.29,42.09,18
2017-09-19,41.76,41.09,17.675
2017-09-20,41.42,39.31,17.5
2017-09-21,39.28,39.28,17.325
2017-09-22,40.25,40.19,17.225
2017-09-25,44.39,42.49,17.825
2017-09-26,46.38,40.35,17.875
2017-09-27,45.25,40.81,17.625
2017-09-28,46.78,40.42,17.675
2017-09-29,43.66,39.02,16.35
2017-10-02,42.93,18.12,16.55
2017-10-03,44.14,24.88,17.4
2017-10-04,52.32,27.34,17.35
2017-10-05,48.88,18.22,17.85
2017-10-06,47.91,27.87,17.725
2017-10-09,54.13,42.28,17.975
2017-10-10,58.73,36.62,17.6
2017-10-11,54.89,33.53,17.225
2017-10-12,53.21,26.79,16.9
2017-10-13,50.99,39.35,16.625
2017-10-16,46.86,39.04,16.275
2017-10-17,55.92,38.01,16.975
2017-10-18,57.21,52.61,16.8
2017-10-19,56.72,45.94,16.5
2017-10-20,52.63,38.13,16.325
2017-10-23,56.89,41.73,16.85
2017-10-24,58.04,36.74,16.7
2017-10-25,60.01,35.15,16.975
2017-10-26,56.93,39.62,17
2017-10-27,55.05,29.67,17.075
2017-10-30,51.99,33.16,18
2017-10-31,57.07,36.83,17.9
2017-11-01,45.77,30.62,18.425
2017-11-02,55.79,34.74,18.025
2017-11-03,57.33,50.44,18.25
2017-11-06,60.95,51.22,18.975
2017-11-07,65.49,52.42,19.3
2017-11-08,81.91,67.45,19.3
2017-11-09,90.29,51.02,19.375
2017-11-10,81.03,30.8,19.8
2017-11-13,59.5,46.02,19.95
2017-11-14,82.21,39.99,19.35
2017-11-15,78.9,64.82,19.1
2017-11-16,81.42,47.38,19.175
2017-11-17,73.03,42.67,19.05
2017-11-20,66.9,39.46,19.575
2017-11-21,61.18,48.93,19.7
2017-11-22,59.14,30.99,19.625
2017-11-23,54.18,24.08,20.2
2017-11-24,57.54,43.27,20.55
2017-11-27,63.38,29.67,20.95
2017-11-28,65.88,38,20.7
2017-11-29,77.38,71.89,20.875
2017-11-30,75.91,67.14,20.85
2017-12-01,73.46,50.95,20.9
2017-12-04,82.01,38.14,21.625
2017-12-05,92.26,38.01,21.425
2017-12-06,86.43,36.31,21.175
2017-12-07,67.9,37.07,21.4
2017-12-08,64.11,35.71,21
2017-12-11,57.08,41.38,21.9
2017-12-12,78.51,37.48,22.25
2017-12-13,70.24,33.5,21.5
2017-12-14,58.05,36.34,21.725
2017-12-15,58.36,43.54,21.6
2017-12-18,61.67,48.35,21.2
2017-12-19,64.55,50.69,20.175
2017-12-20,66.83,51.03,20.325
2017-12-21,63.36,41.76,20.275
2017-12-22,55.41,40.06,19.85
2017-12-27,38.4,38.01,19.9
2017-12-28,47.37,36.19,19.9
2017-12-29,41.77,30.92,19.525
2018-01-02,32.16,33.01,19.225
2018-01-03,16.51,8.62,19
2018-01-04,30.9,30.13,19.2
2018-01-05,34.54,32.49,18.9
2018-01-08,37.53,30.26,19
2018-01-09,46.85,30.97,19.45
2018-01-10,41.44,41.64,19.4
2018-01-11,47.99,47.55,19.275
2018-01-12,44.72,42.13,19.675
2018-01-15,40.82,25.21,19.1
2018-01-16,33.32,28.54,18.8
2018-01-17,36.86,28.65,18.45
2018-01-18,35.55,31.04,18.7
2018-01-19,40.84,40.47,18.225
2018-01-22,37.73,38.2,18.4
2018-01-23,37.83,36.41,18.05
2018-01-24,29.41,23.52,17.825
2018-01-25,35.42,34.33,17.825
2018-01-26,45.12,45.13,17.375
2018-01-29,36.96,17.07,17.375
2018-01-30,40.44,36.46,17.375
2018-01-31,32.94,28.99,17.875
2018-02-01,39.59,34.26,18.125
2018-02-02,41.1,40.67,18.1
2018-02-05,45.43,45.27,17.725
2018-02-06,50.84,47.05,17.975
2018-02-07,50.82,47.47,18.35
2018-02-08,54.6,49.6,17.975
2018-02-09,46.99,40.87,17.825
2018-02-12,48.72,33.65,18.025
2018-02-13,43.06,39.72,18.425
2018-02-14,44.41,39.61,18.175
2018-02-15,42.77,34.35,17.95
2018-02-16,43.16,40.58,18.225
2018-02-19,51.12,50.65,19.575
2018-02-20,49.69,48.85,20.8
2018-02-21,48.98,46.83,22
2018-02-22,52.15,47.39,22.75
2018-02-23,52.35,44.21,26.1
2018-02-26,61.24,47.04,25.2
2018-02-27,84.54,48.29,34.5
2018-02-28,80.24,37.57,44
2018-03-01,84.15,30.02,85
2018-03-02,83.38,40.59,30.975
2018-03-05,54.97,49.65,20.2
2018-03-06,50.37,49.93,19.6
2018-03-07,48.82,48.31,18.7
2018-03-08,45.65,36.63,19.2
2018-03-09,42.35,37.8,19.95
2018-03-12,38.67,41.24,25.775
2018-03-13,47.47,39.91,24.95
2018-03-14,46.89,46.43,22.6
2018-03-15,37.15,24.07,24.5
2018-03-16,47.13,29.37,20.45
2018-03-19,54.19,49.45,20.525
2018-03-20,48.77,43.02,21.4
2018-03-21,55.46,51.51,21.8
2018-03-22,61.09,43.94,20.45
2018-03-23,53.72,52.78,19.65
2018-03-26,52.99,52.87,18.4
2018-03-27,45.83,44.58,18.7
2018-03-28,43.18,39.56,18.525
2018-03-29,45.13,39.16,19.5
2018-04-03,37.34,37.98,18.8
2018-04-04,36.52,38.73,19.15
2018-04-05,41.45,36.57,19
2018-04-06,35.48,37.47,18.825
2018-04-09,44.65,41.52,18.95
2018-04-10,41.45,37.86,20.35
2018-04-11,39.57,36.21,19.6
2018-04-12,45.02,35.47,20.475
2018-04-13,44.62,39.7,20.225
2018-04-16,46.74,43.72,19.775
2018-04-17,43.55,42.1,19.1
2018-04-18,41.05,40.93,19.2
2018-04-19,40.21,40.18,20
2018-04-20,39.06,39.67,19.95
2018-04-23,35.23,37.18,19.8
2018-04-24,35.28,37.34,19.675
2018-04-25,28.29,33.9,19.9
2018-04-26,32.51,35.99,20.2
2018-04-27,35.07,39.79,20.275
2018-04-30,17.33,26.3,20.85
2018-05-01,13.19,18.86,20.225
2018-05-02,40.53,40.46,20.3
2018-05-03,40.09,40.37,20.125
2018-05-04,36.04,40.53,20.425
2018-05-08,30.29,34.07,20.5
2018-05-09,38.36,38.9,20.75
2018-05-10,24.86,33.19,21.025
2018-05-11,41.85,41.69,21.225
2018-05-14,34.03,38.25,21.55
2018-05-15,43.67,41.88,21.525
2018-05-16,36.38,40.71,21.725
2018-05-17,34.39,38.1,22.3
2018-05-18,39.63,40.27,22.025
2018-05-21,13.68,24.09,22.2
2018-05-22,46.56,42.3,22.875
2018-05-23,43.84,41.41,22.925
2018-05-24,42.44,39.84,22.825
2018-05-25,42.49,40.74,21.775
2018-05-29,46.89,41.91,22.575
2018-05-30,48.5,43.84,22.85
2018-05-31,46.15,41.47,22.475
2018-06-01,46.46,45.88,21.875
2018-06-04,46.81,44.11,22.225
2018-06-05,52.13,45.88,21.825
2018-06-06,51.12,45.05,21.575
2018-06-07,52.13,45.31,21.75
2018-06-08,49.58,45.06,21.675
2018-06-11,47.93,44.67,21.65
2018-06-12,48.13,45.16,21.95
2018-06-13,48.51,44.61,22.5
2018-06-14,45.79,41.99,22.875
2018-06-15,50.73,45.21,21.975
2018-06-18,45.53,42.56,22.6
2018-06-19,49.54,43.84,22.2
2018-06-20,47.2,43.53,22
2018-06-21,35.15,34.52,21.75
2018-06-22,26.24,30.96,21.7
2018-06-25,46.46,43.19,21.7
2018-06-26,48.8,45.01,21.575
2018-06-27,49.31,43.94,22.1
2018-06-28,45.06,42.78,21.925
2018-06-29,46.64,42.69,21.9
2018-07-02,52.39,44.57,22.15
2018-07-03,57.34,45.45,22.3
2018-07-04,57.51,46.96,22.3
2018-07-05,55.62,46.19,22.325
2018-07-06,51.92,44.22,22.275
2018-07-09,51.5,43.73,22.725
2018-07-10,53.11,46.88,22.8
2018-07-11,52.73,46.7,22.475
2018-07-12,53.24,46.97,21.95
2018-07-13,51.84,45.95,22.425
2018-07-16,53.56,47.18,22.075
2018-07-17,52.02,46.32,21.925
2018-07-18,50.62,45.21,22.2
2018-07-19,52.01,46.35,22.15
2018-07-20,53.6,47.14,21.9
2018-07-23,54.96,47.82,22.225
2018-07-24,57.48,48.79,22.175
2018-07-25,58.99,49.43,22.225
2018-07-26,59.94,47.79,22.25
2018-07-27,56.38,47.09,22.05
2018-07-30,55.04,47.87,22.3
2018-07-31,56.38,48.54,22.15
2018-08-01,56.29,48.5,22
2018-08-02,59.91,50.29,22.075
2018-08-03,63.87,51.79,22.3
2018-08-06,62.73,51.96,22.475
2018-08-07,62.68,52.35,22.65
2018-08-08,56.66,48.48,22.65
2018-08-09,53.45,47.03,22.575
2018-08-10,47.62,43.62,22.85
2018-08-13,55.97,48.34,23.775
2018-08-14,55.19,47.87,23.5
2018-08-15,52.92,47.1,23.35
2018-08-16,56.32,48.41,23.7
2018-08-17,58.46,49.59,24.1
2018-08-20,60.66,49.33,24.225
2018-08-21,67.53,53.49,24.25
2018-08-22,68.65,53.23,24.7
2018-08-23,66.71,52.01,24.9
2018-08-24,62.11,49.39,25.15
2018-08-28,67.92,53.46,25.875
2018-08-29,68.02,51.56,26.4
2018-08-30,68.48,49.16,26.275
2018-08-31,67.33,52.76,25.875
2018-09-03,65.08,52.34,26.45
2018-09-04,66.9,53.67,26.775
2018-09-05,69.35,53.64,27.225
2018-09-06,67.06,53.07,27.625
2018-09-07,65.49,51.39,28.225
2018-09-10,65.97,52.64,29.3
2018-09-11,64.28,49.2,28.725
2018-09-12,68.46,52.46,27.6
2018-09-13,70.86,55.99,26.6
2018-09-14,65.98,52.5,27.25
2018-09-17,64.76,51.73,27.6
2018-09-18,61.87,49.32,27.125
2018-09-19,62.28,49.01,28.275
2018-09-20,62.29,49.53,28.225
2018-09-21,60.34,39.36,28.6
2018-09-24,66.17,40.62,29.6
2018-09-25,64.84,51.55,29.375
2018-09-26,64.6,42.61,28.25
2018-09-27,64.43,47.72,27.475
2018-09-28,61.43,46.36,27.1
2018-10-01,65.07,58.29,27.55
2018-10-02,66.45,40.29,27.125
2018-10-03,68.77,21.8,26.85
2018-10-04,71.61,64.81,27.325
2018-10-05,67.08,60.87,27.4
2018-10-08,70.93,64.74,27.15
2018-10-09,74.62,69.36,26.5
2018-10-10,67.94,60.52,25.525
2018-10-11,65.38,55.42,24.775
2018-10-12,61.44,57.53,25.55
2018-10-15,68.63,62.68,25.875
2018-10-16,74.62,72.14,25.725
2018-10-17,74.29,71.29,25.3
2018-10-18,65.99,62.62,25.15
2018-10-19,67.14,69.59,26.35
2018-10-22,62.59,56.42,25
2018-10-23,63.5,29.78,24.575
2018-10-24,67.87,45,24.95
2018-10-25,71.92,50.39,24.55
2018-10-26,70.72,56.32,24
2018-10-29,74.68,46.19,24.4
2018-10-30,73.32,34.02,23.85
2018-10-31,72.96,48.08,23.5125
2018-11-01,54.07,48.95,23.4
2018-11-02,66.33,53.17,23.525
2018-11-05,62.81,60.06,23.3
2018-11-06,59.98,57.64,23.2
2018-11-07,57.41,56.18,24.3
2018-11-08,63.13,63.33,24.075
2018-11-09,60.37,58.94,23.85
2018-11-12,62.94,55.47,25.4
2018-11-13,64.9,52.92,26.275
2018-11-14,64.33,62.99,26.375
2018-11-15,66.62,63.55,26.525
2018-11-16,67.4,57.21,25.6
2018-11-19,74.24,50.84,24.325
2018-11-20,95.44,46.87,24.7
2018-11-21,114.96,57.67,24.75
2018-11-22,102.24,77.64,24.75
2018-11-23,84.63,80.64,24.875
2018-11-26,89.47,70.04,24.625
2018-11-27,77.38,78.64,25.15
2018-11-28,62.16,53.64,24.3
2018-11-29,62.33,48.79,24.575
2018-11-30,62.31,56.94,24.2
2018-12-03,52.51,46.34,24.6
2018-12-04,60.26,53.08,24
2018-12-05,59.46,59.7,23.45
2018-12-06,57.49,53.47,22.65
2018-12-07,48.64,41.24,22.35
2018-12-10,51.6,36.87,23.1
2018-12-11,62.61,55.18,23.5
2018-12-12,71.11,69.64,24
2018-12-13,70,65.47,24.175
2018-12-14,73.35,72.37,24.65
2018-12-17,70.08,68.93,24.55
2018-12-18,61.94,60.52,23.75
2018-12-19,61.02,56.91,24.3
2018-12-20,59.4,56.16,24.475
2018-12-21,53.46,48.05,24.475
2018-12-24,50.61,46.26,24.425
2018-12-27,61.59,59.96,23.275
2018-12-28,60.96,59.55,22.05
2018-12-31,55.32,50.21,20.7
2019-01-02,54.02,34.39,22.35
2019-01-03,61.6,58.23,21.75
2019-01-04,65.6,48.91,22.075
2019-01-07,62.54,55.14,20.775
2019-01-08,57.68,31.98,21.75
2019-01-09,58.14,42.21,21.25
2019-01-10,69.33,66.85,21.55
2019-01-11,65.21,51.21,21.5
2019-01-14,57.21,34.06,21.35
2019-01-15,60.97,44.69,21.3
2019-01-16,62.75,45.96,21.7
2019-01-17,61.59,44.8,22.575
2019-01-18,66.86,62.8,22.325
2019-01-21,71.86,71.11,21.65
2019-01-22,72.07,62.36,21.6
2019-01-23,76.29,73.3,22.025
2019-01-24,86,84.18,21.275
2019-01-25,69.37,66.86,20.75
2019-01-28,56.3,53.39,20.55
2019-01-29,62.4,59.97,20.75
2019-01-30,59.46,54.24,20.15
2019-01-31,60.79,60.18,19.925
2019-02-01,59.64,55.35,19.25
2019-02-04,57.75,48.59,19.35
2019-02-05,57.72,54,18.6
2019-02-06,53.14,51.9,18.9
2019-02-07,48.28,42.72,18.575
2019-02-08,47.01,39.84,18.25
2019-02-11,47.98,34.73,18.2
2019-02-12,51.16,47.29,17.5
2019-02-13,49.87,45.97,18
2019-02-14,50.46,49.58,17.75
2019-02-15,49.07,46.93,17.8
2019-02-18,46.89,46.28,17.35
2019-02-19,47.15,41.46,17.8
2019-02-20,47.49,45.41,18.125
2019-02-21,46.79,43.8,17.525
2019-02-22,46.86,46.8,16.925
2019-02-25,44.37,45.41,16.875
2019-02-26,43.91,44.62,17.075
2019-02-27,43.16,43.27,17.8
2019-02-28,40.28,40.61,17.725
2019-03-01,44.55,45.92,17.25
2019-03-04,29.3,18.05,17.575
2019-03-05,40.6,30.8,17.175
2019-03-06,35.62,36.36,16.925
2019-03-07,32.78,28.51,16.725
2019-03-08,40,27.72,16.75
2019-03-11,40,35.19,16.85
2019-03-12,38.82,35.47,16.55
2019-03-13,28.93,20.41,15.925
2019-03-14,35.07,31.34,15.55
2019-03-15,29.74,25.9,14.8
2019-03-18,38.92,32.9,15.4
2019-03-19,45.28,45.25,15.225
2019-03-20,41.85,41.9,15.15
2019-03-21,40.08,40.15,14.525
2019-03-22,40.3,40.45,14.2
2019-03-25,34.23,32.27,14.2
2019-03-26,37.43,37.15,14.625
2019-03-27,39.81,40,14.925
2019-03-28,40.75,42.24,14.275
2019-03-29,39.26,39.34,14.7
2019-04-01,36.61,38.03,14.125
2019-04-02,35.89,34.59,13.7
2019-04-03,43.49,42.21,14.375
2019-04-04,43.79,41.96,15.075
2019-04-05,43.73,42.54,16.6
2019-04-08,45.62,42.43,15.825
2019-04-09,42.55,42.24,16.9
2019-04-10,43.95,42.74,16.375
2019-04-11,44.91,45.06,16.7
2019-04-12,45.31,45.46,16.075
2019-04-15,46.67,41.05,15.1
2019-04-16,45.82,41.38,15.3
2019-04-17,41.73,41.48,15.125
2019-04-18,41.37,39.14,14.725
2019-04-23,28.58,25.59,14.425
2019-04-24,33.42,34.35,14.25
2019-04-25,29.36,39.75,14.575
2019-04-26,39.56,42.9,14.2
2019-04-29,41.87,44.26,14.45
2019-04-30,42.98,42.78,14.425
2019-05-01,27.87,26.12,14.35
2019-05-02,39.19,37,14.675
2019-05-03,41.15,40.2,14.5
2019-05-07,50.01,49.55,14.45
2019-05-08,37.68,39.96,14.525
2019-05-09,45.2,44.54,14.6
2019-05-10,45.09,45.04,14.3
2019-05-13,39.36,40.8,13.875
2019-05-14,40.51,41.56,14.05
2019-05-15,40.57,41.43,14
2019-05-16,39.81,40.85,13.4
2019-05-17,42.15,41.91,12.925
2019-05-20,45.38,46.01,12.85
2019-05-21,42.46,42.38,12.6
2019-05-22,40.25,40.38,12.775
2019-05-23,39.92,42.19,12.475
2019-05-24,38.98,40.45,12.25
2019-05-28,34.64,42.55,12.4
2019-05-29,37.21,41.3,11.675
2019-05-30,19.32,18.86,11.35
2019-05-31,33.95,36.47,10.3
2019-06-03,35.96,37.46,10.175
2019-06-04,35.01,38.79,11.25
2019-06-05,35.17,37.17,10.7
2019-06-06,33.69,36.48,10.375
2019-06-07,24.17,33.51,10.975
2019-06-10,31.26,30.96,11.575
2019-06-11,40.8,43.1,11.325
2019-06-12,38.84,43.69,11.225
2019-06-13,32.66,38.26,11.425
2019-06-14,34.57,41.3,11.3
2019-06-17,33.51,42.35,11.55
2019-06-18,33.49,42.41,11.125
2019-06-19,33.31,40.76,10.3
2019-06-20,34.85,36.8,10.2
2019-06-21,33.23,38.66,10.3
2019-06-24,29.56,35.08,9.9
2019-06-25,34.15,41.01,9.375
2019-06-26,28.79,37.63,9.575
2019-06-27,31.26,35.66,9.15
2019-06-28,35.62,42.83,9.35
2019-07-01,30.16,33.3,10.225
2019-07-02,34.08,33.9,10.325
2019-07-03,31.81,36.01,10.35
2019-07-04,31.28,34.42,10.375
2019-07-05,34.39,36.09,11.175
2019-07-08,34.61,35.74,11.875
2019-07-09,35.96,37.81,11.6
2019-07-10,40.59,42.04,12.3
2019-07-11,44.29,46.2,12.7
2019-07-12,41.03,44.58,12.95
2019-07-15,39.78,40.07,12.825
2019-07-16,43.13,43.65,11.2
2019-07-17,45.25,46.46,11.15
2019-07-18,40.69,44.08,10.625
2019-07-19,42.66,44.89,10.9
2019-07-22,41.95,43.86,10.175
2019-07-23,46.3,46.35,10.75
2019-07-24,53.17,49.45,10.3
2019-07-25,50.04,50.93,9.975
2019-07-26,46.8,44.32,10.1
2019-07-29,39.93,45.26,9.5
2019-07-30,31.82,44.22,9.675
2019-07-31,32.66,45.56,10.125
2019-08-01,42.12,45.56,11.25
2019-08-02,41.18,43.9,11.3
2019-08-05,36.86,45.52,10.025
2019-08-06,40.86,42.5,9.35
2019-08-07,36.33,41.15,9.725
2019-08-08,33.27,35.33,10.05
2019-08-09,27.79,38.17,10.35
2019-08-12,32.91,41.86,10.45
2019-08-13,33.56,38.49,10.625
2019-08-14,31.61,40.05,9.65
2019-08-15,23.93,31.24,9.475
2019-08-16,30.77,35.58,9.5
2019-08-19,31.4,35.43,9.45
2019-08-20,34.68,40.82,9.9
2019-08-21,33.97,41.09,9.95
2019-08-22,33.17,37.02,10.075
2019-08-23,31.57,37.9,9.625
2019-08-27,45.49,45.32,10.2
2019-08-28,46.86,49.15,10.15
2019-08-29,42.34,45.76,9.85
2019-08-30,40.07,41.85,9.2
2019-09-02,38.52,39.4,7.85
2019-09-03,36.39,36.08,7.5
2019-09-04,32.78,33.7,7.5
2019-09-05,32.57,31.4,8.075
2019-09-06,32.57,33.23,9.45
2019-09-09,42.53,43.78,9.475
2019-09-10,35.43,36.65,10.9
2019-09-11,32.53,34.12,10.25
2019-09-12,37.52,38.37,10.9
2019-09-13,39.42,38.29,10.8
2019-09-16,47.2,44.33,11.15
2019-09-17,42.11,33.53,9.675
2019-09-18,39.46,36.83,9.45
2019-09-19,42.87,44.28,9.25
2019-09-20,40.06,42.74,9.625
2019-09-23,41.98,44.33,9.975
2019-09-24,40.22,46.07,11.075
2019-09-25,40.44,47.08,10.225
2019-09-26,38.61,41.16,10.125
2019-09-27,36.83,38.01,9.8
2019-09-30,38.09,24.42,8.35
2019-10-01,39.95,41.66,9.9
2019-10-02,38.38,40.65,10.075
2019-10-03,41.36,40.33,12.05
2019-10-04,39.96,43.27,11.2
2019-10-07,44.83,46.55,10.2
2019-10-08,38.78,35.04,9.5
2019-10-09,36.19,34.5,7.975
2019-10-10,35.09,30.95,8.675
2019-10-11,27.17,24.07,9
2019-10-14,37.7,39.96,10.45
2019-10-15,44.31,43.22,10.975
2019-10-16,40.76,38.72,10.6
2019-10-17,44.37,44.24,9.875
2019-10-18,38.83,35.54,10.2
2019-10-21,45.46,45.6,10
2019-10-22,47.09,46.63,10.45
2019-10-23,44.33,43.54,10.325
2019-10-24,38.84,38.55,9.85
2019-10-25,38.23,34.37,10.775
2019-10-28,47.12,43.63,11.25
2019-10-29,48.62,48.18,10.325
2019-10-30,49.66,48.15,10.25
2019-10-31,46.38,42.45,9.6
2019-11-01,31.34,31.69,11.55
2019-11-04,37.48,38.17,13.1
2019-11-05,43.14,43.36,13.25
2019-11-06,51.88,50.52,13
2019-11-07,43.43,42.62,13.875
2019-11-08,48.62,47.35,14.55
2019-11-11,44.38,41.26,14.6
2019-11-12,48.67,41.81,14.95
2019-11-13,56.35,47.66,14.85
2019-11-14,53.36,45.95,14.6
2019-11-15,57.39,38.56,15
2019-11-18,56.6,43.68,14.725
2019-11-19,64.43,45.11,15.075
2019-11-20,58.99,54.62,15.45
2019-11-21,56.27,50.37,15.675
2019-11-22,46.98,43.53,16.05
2019-11-25,51.28,48.18,16.45
2019-11-26,47.25,46.75,15.65
2019-11-27,42.12,38.44,15.825
2019-11-28,40.56,30.3,15.725
2019-11-29,47.53,40.03,15.625
2019-12-02,51.07,48.23,15.425
2019-12-03,57.98,49.83,15
2019-12-04,59.65,48.68,14.875
2019-12-05,57.72,41.95,13.975
2019-12-06,48.76,29.16,13.9
2019-12-09,37.44,24.1,13.525
2019-12-10,45.24,40.35,13.45
2019-12-11,46.74,40.25,13.125
2019-12-12,44.95,43.81,13.475
2019-12-13,35.85,36.04,12.925
2019-12-16,42.61,39.35,12.575
2019-12-17,42.85,37.23,12.9
2019-12-18,41.01,40.85,12.575
2019-12-19,28.67,34.09,12.9
2019-12-20,25.82,29.62,12.65
2019-12-23,26.09,24.75,11.375
2019-12-24,20.92,22.58,11
2019-12-27,32.83,37.82,12.525
2019-12-30,35.22,25.17,12.275
2019-12-31,38.44,31.24,11.8
2020-01-02,39.32,35.87,11.875
2020-01-03,36.95,28.21,12.725
2020-01-06,39.32,37.88,12.15
2020-01-07,41.84,38.24,11.65
2020-01-08,40.65,34.56,11.6
2020-01-09,36.02,36.08,11.85
2020-01-10,38.78,33.93,11.8
2020-01-13,38.28,39.35,11.875
2020-01-14,30.58,23.01,11.2
2020-01-15,31.88,24.85,11.15
2020-01-16,36.99,37.35,11.075
2020-01-17,37.01,36.67,10.9
2020-01-20,44.83,43.94,10.65
2020-01-21,46.99,41.78,10.95
2020-01-22,48.46,45.7,10.45
2020-01-23,51.42,50.15,10.425
2020-01-24,51.13,49.3,10.45
2020-01-27,38.48,36.79,10.425
2020-01-28,34.84,30.57,10.825
2020-01-29,36.26,31.84,10.1
2020-01-30,35.38,31.95,9.775
2020-01-31,28.83,22.76,9.8
2020-02-03,26.63,28.61,9.375
2020-02-04,28.17,28.47,9.725
2020-02-05,36.69,36.29,9.65
2020-02-06,37.22,37.45,9.2
2020-02-07,34.53,37.06,9.175
2020-02-10,19.96,8.99,8.875
2020-02-11,24.95,11.22,8.95
2020-02-12,28.58,18.69,9.175
2020-02-13,30.52,34.54,9
2020-02-14,30.84,36.02,9.05
2020-02-17,24.41,18.59,9.4
2020-02-18,26.59,21.17,9.6
2020-02-19,31.28,30.43,9.775
2020-02-20,30.01,29.15,9.75
2020-02-21,30.82,23.13,9.45
2020-02-24,28.02,28.44,9.15
2020-02-25,26.88,24.88,9.225
2020-02-26,31.25,32.42,9.4
2020-02-27,34.53,37.65,9.175
2020-02-28,30.41,30.68,9.25
2020-03-02,32.78,33.18,9.375
2020-03-03,36.79,36.22,9.525
2020-03-04,39.35,39.03,9.325
2020-03-05,33.62,35.59,9.35
2020-03-06,30.75,30.78,8.875
2020-03-09,35.83,34.41,8.8
2020-03-10,26.76,21.78,9.125
2020-03-11,25.99,23.24,9.25
2020-03-12,25.29,14.71,9.25
2020-03-13,29.41,18.72,9.55
2020-03-16,30.8,32.82,8.85
2020-03-17,28.16,28.6,8.475
2020-03-18,26.34,25.48,8.5
2020-03-19,25.26,29.48,8.725
2020-03-20,20.65,24.51,8.225
2020-03-23,16.92,19.62,8.175
2020-03-24,20.22,20.13,8.125
2020-03-25,22.45,22.45,8
2020-03-26,21.38,22.19,7.725
2020-03-27,21.48,21.95,7.4
2020-03-30,22.01,23.04,7.15
2020-03-31,22.02,26.14,7.125
2020-04-01,23.17,22.77,7.05
2020-04-02,21.59,19.37,7.1
2020-04-03,22.41,22.23,7.1
2020-04-06,13.73,16.77,7.1
2020-04-07,16.64,23.57,7.325
2020-04-08,15.51,25.87,7.1
2020-04-09,16.64,23.61,6.9
2020-04-14,12.79,21.56,7.05
2020-04-15,14.03,19.99,6.9
2020-04-16,12.7,24.96,6.95
2020-04-17,14.55,27.19,6.35
2020-04-20,4.78,6.76,6.2
2020-04-22,9.82,9.24,6.05
2020-04-23,18.04,28.73,5.65
2020-04-24,18.12,19.28,5.55
2020-04-27,20.02,27.11,6.025
2020-04-28,18.27,25.66,5.95
2020-04-29,12.18,23.07,5.65
2020-04-30,7.58,18.3,5.425
2020-05-01,5.94,6.58,5.2
2020-05-04,16.07,23.66,5.55
2020-05-05,18.39,22.08,5.275
2020-05-06,21.11,21.26,5.45
2020-05-07,20.6,24.35,5.25
2020-05-11,11.84,14.98,5.85
2020-05-12,21.52,22.16,5.125
2020-05-13,21.68,28.74,5.075
2020-05-14,18.94,23.61,4.9
2020-05-15,18.69,21.43,4.775
2020-05-18,16.92,20.57,4.525
2020-05-19,19.84,24.27,4.325
2020-05-20,19.5,30.73,3.8
2020-05-21,17.68,19.36,3.125
2020-05-22,14.27,18.66,3.7
2020-05-26,16.5,28.65,4.025
2020-05-27,19.24,22.75,3.525
2020-05-28,17.08,20.25,3.35
2020-05-29,17.03,22.46,3.5
2020-06-01,9.28,7.04,3.575
2020-06-02,20.95,25.77,4.35
2020-06-03,24.98,27.03,4.85
2020-06-04,22.33,25.91,4.575
2020-06-05,17.01,22.86,4.875
2020-06-08,29.83,32.06,5
2020-06-09,29.68,36.08,4.775
2020-06-10,30.01,32.2,4.625
2020-06-11,23.64,24.52,4.75
2020-06-12,20.77,21.32,4.95
2020-06-15,31.58,31.94,5.4
2020-06-16,32.64,36.34,5.1
2020-06-17,34.29,35.75,5.025
2020-06-18,31.75,32.15,5.2
2020-06-19,29.81,29.96,5.475
2020-06-22,30.67,30.1,5.325
2020-06-23,32.57,32.87,5.8
2020-06-24,34.72,34.89,5.625
2020-06-25,36.03,34.7,5.025
2020-06-26,35.52,34.95,4.975
2020-06-29,29.58,28.99,5.65
2020-06-30,34.79,16.15,5.55
2020-07-01,35.13,33.64,5.6
2020-07-02,39.36,38.24,5.15
2020-07-03,35.62,33.76,4.775
2020-07-06,27.71,16.81,5.425
2020-07-07,35.36,32.83,5.5
2020-07-08,41.56,41.52,5.3
2020-07-09,41.47,42.41,4.8
2020-07-10,37.64,36.21,4.75
2020-07-13,35.05,35.94,4.35
2020-07-14,35.18,36.68,4.2
2020-07-15,40.06,42.41,4.7
2020-07-16,40.25,43.39,4.35
2020-07-17,36.84,38.44,4.9
2020-07-20,35.4,33.81,4.425
2020-07-21,36.21,32.35,4.65
2020-07-22,37.92,35.24,4.8
2020-07-23,39.11,35.01,4.825
2020-07-24,34.17,31.63,4.65
2020-07-27,34.42,32,4.325
2020-07-28,33.72,22.77,4.575
2020-07-29,37.93,22.15,4.9
2020-07-30,40.56,35.38,4.9
2020-07-31,41.28,37.78,5.175
2020-08-03,36.92,37.95,6.5
2020-08-04,35.06,36,6.575
2020-08-05,33.14,30.38,6.625
2020-08-06,36.87,34.58,6.95
2020-08-07,38.23,35.61,7.05
2020-08-10,38.76,37.49,6.9
2020-08-11,40.02,35.25,6.58
2020-08-12,40.35,35.82,6.275
2020-08-13,39.2,38.82,6.725
2020-08-14,37.98,41.2,7.05
2020-08-17,40.28,40.15,7.5
2020-08-18,41.38,41.87,8.225
2020-08-19,37.73,38.57,7.85
2020-08-20,37.85,37.29,7.275
2020-08-21,32.7,32.22,6.55
2020-08-24,45.59,42.44,7.925
2020-08-25,38.47,35.58,8.525
2020-08-26,39.01,16.18,8.85
2020-08-27,52.3,47.04,8.75
2020-08-28,42.34,40.94,9.875
2020-09-01,49.98,52.14,10.775
2020-09-02,50.07,50.55,10.45
2020-09-03,46.89,40.39,11.175
2020-09-04,44.02,39.69,11.625
2020-09-07,45.81,43.78,11.1
2020-09-08,47.02,37.72,11.025
2020-09-09,49.58,37.2,10.775
2020-09-10,51.13,48.42,10.45
2020-09-11,52.45,46.32,10.475
2020-09-14,55.8,51.86,10.425
2020-09-15,73.2,65.01,10.575
2020-09-16,57.16,50.43,11.15
2020-09-17,49.96,47.49,11.1
2020-09-18,44.91,43.36,10.9
2020-09-21,65.09,60.5,11.4
2020-09-22,55.26,56.15,11.4
2020-09-23,48.49,45.66,11.65
2020-09-24,43.19,36.62,11.425
2020-09-25,41.91,41.58,11.575
2020-09-28,47.89,49.13,12.4
2020-09-29,59.29,56.87,12.075
2020-09-30,50.04,49.36,12.425
2020-10-01,43.76,41.81,12
2020-10-02,38.36,32.51,12.2
2020-10-05,34.71,36.2,13.15
2020-10-06,35.41,34.28,12.75
2020-10-07,38.79,36.85,13.45
2020-10-08,37.3,30.2,13.675
2020-10-09,42.22,42.27,13.825
2020-10-12,47.67,47.33,13.8
2020-10-13,46.79,46.03,13.4
2020-10-14,43.4,34.26,13.9
2020-10-15,44.12,41.22,14.4
2020-10-16,48.35,47.46,14.875
2020-10-19,44.15,43.71,15
2020-10-20,39.29,34.72,14.7
2020-10-21,39.23,30.36,14.8
2020-10-22,44.57,33.12,15.325
2020-10-23,46.56,44.09,15.325
2020-10-26,40.19,39.1,14.85
2020-10-27,38.71,33.58,14.8
2020-10-28,37.94,30.83,14.175
2020-10-29,36.96,32.17,13.85
2020-10-30,33.58,32.02,13.3
2020-11-02,27.75,21.99,13.1
2020-11-03,37.04,36.14,13.775
2020-11-04,41.68,40,13.8
2020-11-05,39.09,39.25,14.35
2020-11-06,40.38,40.89,13.375
2020-11-09,44.09,43.95,13.85
2020-11-10,46.4,48,14.05
2020-11-11,39.47,44.97,13.975
2020-11-12,40.92,39.93,13.875
2020-11-13,41.31,40.91,13.9
2020-11-16,32.38,29.77,14.15
2020-11-17,40.16,38.34,13.575
2020-11-18,38.63,34.67,13.175
2020-11-19,34.31,27.28,12.85
2020-11-20,44.35,43.4,12.7
2020-11-23,48.58,42.55,13.525
2020-11-24,46.47,42.94,13.875
2020-11-25,47.72,46.45,13.975
2020-11-26,54.82,55.31,14.125
2020-11-27,60.21,63.05,14.525
2020-11-30,54.51,53.11,15.125
2020-12-01,55.64,55.02,14.975
2020-12-02,74.27,71.17,14.85
2020-12-03,52.49,47.96,13.975
2020-12-04,51.85,41.53,14.625
2020-12-07,61.93,48.36,14.25
2020-12-08,66.63,64.63,14.425
2020-12-09,76.08,76.69,14.825
2020-12-10,70.01,72.15,15.575
2020-12-11,52.06,45.99,15.975
2020-12-14,47.81,41.44,16.725
2020-12-15,52.56,51.27,17.2
2020-12-16,51.99,50.78,16.15
2020-12-17,55,44.47,15.775
2020-12-18,47.96,42.97,15.65
2020-12-21,43.91,35.53,16.85
2020-12-22,35.71,31.52,17.475
2020-12-23,40.6,43.18,17.125
2020-12-24,30.86,24.5,17.7
2020-12-29,49.44,45.72,19.2
2020-12-30,50.2,45.16,18.95
2020-12-31,49.6,47.63,19.15
2021-01-04,59.46,51.86,19.875
2021-01-05,63.81,54.45,17.95
2021-01-06,71.13,52.82,17.6
2021-01-07,81.29,77.65,19.6
2021-01-08,85.04,76.66,20.35
2021-01-11,67.6,50.45,22.175
2021-01-12,63.89,46.38,26.5
2021-01-13,73.56,44.15,21.85
2021-01-14,72.97,70.41,21.375
2021-01-15,72.96,76.18,20.275
2021-01-18,69.23,57.09,19.125
2021-01-19,60.19,44.87,20.175
2021-01-20,48.23,37.08,19.975
2021-01-21,41.91,29.37,19.75
2021-01-22,50.38,44.2,21.575
2021-01-25,62.16,62.75,20.15
2021-01-26,63.77,60.81,19.55
2021-01-27,59.16,58.86,19.675
2021-01-28,54.84,55.26,20.8
2021-01-29,47.68,48.99,19.95
2021-02-01,57.02,58.71,18.05
2021-02-02,48.26,54.84,18.025
2021-02-03,41.94,45.01,17.925
2021-02-04,52.6,51.59,18.05
2021-02-05,51.55,51.12,18.3
2021-02-08,50.62,47.64,20.6
2021-02-09,65.42,64.28,19.825
2021-02-10,72.66,69.19,19.2
2021-02-11,78.81,78.05,18.05
2021-02-12,63.34,63.31,17.625
2021-02-15,52.42,53.15,16.325
2021-02-16,53.5,52.69,16.625
2021-02-17,49.88,49.88,16.45
2021-02-18,48.13,45.61,17
2021-02-19,47.64,48,16.4
2021-02-22,48.58,49.86,15.825
2021-02-23,43.52,45.28,15.9
2021-02-24,36.95,40,16.2
2021-02-25,46.55,46.19,15.875
2021-02-26,47.66,48.09,15.825
2021-03-01,50.03,52.39,16.425
2021-03-02,54.27,53.95,16.125
2021-03-03,53.07,52.18,15.9625
2021-03-04,54.3,52.44,16.4
2021-03-05,52.36,53.07,16.7
2021-03-08,61.98,60.35,16.775
2021-03-09,61.3,60.97,17.15
2021-03-10,53.56,48.27,17.7
2021-03-11,39.43,24.72,18.0375
2021-03-12,37.31,22.31,18.6
2021-03-15,50.06,46.65,18.4
2021-03-16,56.26,56.12,17.925
2021-03-17,56.38,58.64,18.6
2021-03-18,64.67,63.98,17.7
2021-03-19,56.44,56.49,17.775
2021-03-22,61.31,60.59,18.525
2021-03-23,63.47,61.75,18.5
2021-03-24,61.27,56.05,18.725
2021-03-25,59.42,58.78,18.1
2021-03-26,53.51,50.04,18.5
2021-03-29,47.59,43.76,18.275
2021-03-30,56,55.29,18.7
2021-03-31,56.82,58.51,19.2
2021-04-01,52.86,52.29,19.125
2021-04-06,59.8,45.97,20.4
2021-04-07,75.26,48.23,20.025
2021-04-08,71.69,58.17,19.55
2021-04-09,71.96,56.17,19.475
2021-04-12,73.22,62.82,20.725
2021-04-13,83.68,59.62,20.3
2021-04-14,79.89,70.32,20.4
2021-04-15,74.82,67.62,20.775
2021-04-16,71.19,64.27,21.05
2021-04-19,82.42,74.87,21.5
2021-04-20,81.22,76.23,21.475
2021-04-21,77.76,58.79,21.375
2021-04-22,69.89,48.95,21.7
2021-04-23,65.1,61.43,20.15
2021-04-26,60.74,63.13,20.4375
2021-04-27,67.54,60.38,21.85
2021-04-28,69.24,61.47,21.9
2021-04-29,69.31,59.4,22.7
2021-04-30,73.37,70.06,23.425
2021-05-04,38.49,28.57,23.975
2021-05-05,63.36,35.12,25
2021-05-06,73.32,67.57,25
2021-05-07,72.46,68.9,24.15
2021-05-10,60.35,60.63,25.35
2021-05-11,71.57,71.81,26.05
2021-05-12,69.27,69.36,26.05
2021-05-13,63.41,59.56,26.375
2021-05-14,71.31,68.39,27.325
2021-05-17,70.58,71.4,26.975
2021-05-18,74.52,74.6,25.575
2021-05-19,76.14,77.41,23.2
2021-05-20,66.29,68.82,24.8
2021-05-21,26.55,35.02,24.8
2021-05-24,33.73,26.71,24.825
2021-05-25,61.06,60.05,26.325
2021-05-26,68.92,65.19,26.775
2021-05-27,72.94,72.01,25.425
2021-05-28,73.55,74.62,25.325
2021-06-01,68.44,68.55,26.125
2021-06-02,65.6,65.78,25.4625
2021-06-03,65.79,61.92,26.025
2021-06-04,72.37,72.27,25.85
2021-06-07,77.73,76.18,26.7
2021-06-08,76.13,77.18,28.425
2021-06-09,76.27,77.84,28
2021-06-10,78.41,78.75,28.325
2021-06-11,77.21,76.23,27.9
2021-06-14,75.9,75.6,28.875
2021-06-15,82.47,82.76,28.15
2021-06-16,86.18,83.66,28.25
2021-06-17,82.82,78.68,28.55
2021-06-18,81.07,80.79,29.55
2021-06-21,78.19,80.39,29.9
2021-06-22,83.29,84.2,31.25
2021-06-23,84.97,94.68,32.025
2021-06-24,89.15,96.57,31.975
2021-06-25,86.78,89.97,32.2
2021-06-28,87.96,88.23,32.25
2021-06-29,90.18,91.97,33.65
2021-06-30,90.14,91.74,35.475
2021-07-01,88.57,89.57,36.675
2021-07-02,96.5,98.08,36.3
2021-07-05,92.98,94.73,37.8
2021-07-06,80.63,81.3,34
2021-07-07,98.73,100.1,32.7
2021-07-08,93.63,107.1,34.025
2021-07-09,90.67,91.64,36.875
2021-07-12,93.85,92.49,34.9
2021-07-13,93.41,93.94,35.35
2021-07-14,69.33,86.61,34.275
2021-07-15,75.02,88.6,33.9
2021-07-16,83.02,85.08,35.25
2021-07-19,90.25,89.34,36.18
2021-07-20,90.9,91.86,35.4
2021-07-21,91.02,92.98,35.95
2021-07-22,88.43,89.93,35.8
2021-07-23,87.73,88.48,35.65
2021-07-26,86.49,89.15,36.95
2021-07-27,84.5,86.96,37.725
2021-07-28,64.79,78.18,39.8
2021-07-29,49.07,48.97,41.25
2021-07-30,39.63,67.28,40.55
2021-08-02,82.45,79.12,42.1
2021-08-03,90.7,97.01,41.25
2021-08-04,91.64,98.31,41.825
2021-08-05,79.71,92.29,42.55
2021-08-06,23.5,70.88,43
2021-08-09,69.14,73.08,43.3
2021-08-10,87.59,91.75,44.625
2021-08-11,99.67,102.07,46.275
2021-08-12,104.6,104.7,45.6
2021-08-13,92.56,94.27,44.3
2021-08-16,49.83,66.28,47.7
2021-08-17,67.28,58.17,46.6
2021-08-18,80.82,78.44,44.8
2021-08-19,96.24,94.81,40.175
2021-08-20,101.74,103.07,41.575
2021-08-23,91.02,91.1,42.05
2021-08-24,78.48,96.8,45.2
2021-08-25,86.58,84.27,45.275
2021-08-26,93.95,92.2,45.2
2021-08-27,96.12,93.92,47.725
2021-08-31,108.22,110.26,50.45
2021-09-01,104.01,114.27,49.675
2021-09-02,107.81,119.09,51.55
2021-09-03,111.25,109.94,50.925
2021-09-06,124.51,128.37,52.075
2021-09-07,123.78,128.73,53.475
2021-09-08,121.99,122.75,54.7
2021-09-09,132.51,129.69,56.175
2021-09-10,138.76,137.61,58.225
2021-09-13,140.36,140.75,61.575
2021-09-14,146.54,144.66,66.05
2021-09-15,166.51,165.87,70.05
2021-09-16,169.98,157.26,60.725
2021-09-17,158.05,158.8,65.475
2021-09-20,153.75,156.26,73.4
2021-09-21,146.84,150.84,71.85
2021-09-22,149.47,145.04,68.5
2021-09-23,145.78,74.43,67.3
2021-09-24,148.73,114.36,68.2
2021-09-27,146.56,144.52,75.75
2021-09-28,158.9,160.14,78.15
2021-09-29,153.09,134.55,80.825
2021-09-30,161.03,111.69,85.4
2021-10-01,143.38,107.04,85.15
2021-10-04,160.05,166.62,89.5
2021-10-05,156.55,156.61,116.1
2021-10-06,197.06,195.83,101
2021-10-07,291.24,314.36,92.7
2021-10-08,203.97,208.2,80.3
2021-10-11,184.67,173.5,83.25
2021-10-12,187.9,173.49,85.2
2021-10-13,196.03,190.36,91.35
2021-10-14,200.3,160.12,99.5
2021-10-15,214.63,131.71,87.9
2021-10-18,194.17,199.42,85.25
2021-10-19,157.08,139.84,87
2021-10-20,100.23,62.05,90.775
2021-10-21,166.48,59.48,86
2021-10-22,213.06,70.43,87.05
2021-10-25,208.47,182.08,88.175
2021-10-26,214.87,178.2,86.975
2021-10-27,204.26,146.07,84.7
2021-10-28,187.09,151.24,72.7
2021-10-29,151.33,117.01,60.8
2021-11-01,95.14,92.36,63.3
2021-11-02,204.02,204.47,69.375
2021-11-03,186.84,201.46,78.4
2021-11-04,178.77,172.91,72.575
2021-11-05,189.14,156.37,73.2
2021-11-08,209.41,175.67,77
2021-11-09,191.64,167.47,70.5
2021-11-10,231.6,189.96,70.05
2021-11-11,187.88,187.34,74.025
2021-11-12,187.21,163.7,72.75
2021-11-15,228.76,216.15,79.55
2021-11-16,237.44,236.16,93.6
2021-11-17,215.73,171.99,93.1
2021-11-18,238.75,132.86,91.525
2021-11-19,244.14,132.04,86.4
2021-11-22,252.6,229.39,83.7
2021-11-23,270.23,239.34,91.275
2021-11-24,296.31,278.58,93.25
2021-11-25,303.21,234.17,91.9
2021-11-26,273.93,196.12,87.5
2021-11-29,303.45,276.54,93.075
2021-11-30,270.08,126.44,90.8
2021-12-01,281.44,92.16,94.975
2021-12-02,279.66,205.88,92.6
2021-12-03,297.27,143.06,89.2
2021-12-06,282.54,265.98,89.4
2021-12-07,259.05,220.64,96.015
2021-12-08,247.95,184.27,102.9
2021-12-09,287.25,276.56,100.575
2021-12-10,247.19,251.99,103.6
2021-12-13,303.16,262.01,116.95
2021-12-14,329.45,296.13,127.225
2021-12-15,346.11,288.99,128.95
2021-12-16,353.02,350.11,134.8
2021-12-17,342.11,345.42,135.05
2021-12-20,382.54,346.06,148
2021-12-21,445.07,421.87,182.75
2021-12-22,453.86,420.12,166
2021-12-23,413.88,288.36,123.95
2021-12-24,315.44,205.92,96
2021-12-29,153.98,156.57,88.3
2021-12-30,107.74,76.69,78.625
2021-12-31,118.69,17.1,64.4
2022-01-04,156.07,154.85,85.7
2022-01-05,189.18,114.13,92.425
2022-01-06,226.03,193.29,96.8
2022-01-07,214.73,166.23,86.725
2022-01-10,264.12,263.75,84
2022-01-11,253.39,256.79,80.85
2022-01-12,237.23,237.96,74.7
2022-01-13,224.32,179.35,84.375
2022-01-14,234.29,179.86,83.925
2022-01-17,260.54,142.77,76.1
2022-01-18,244.74,234.77,79.2
2022-01-19,235.8,165.22,74.4
2022-01-20,228.16,116.44,76
2022-01-21,216.72,161.11,80.2
2022-01-24,248.25,241.12,91.25
2022-01-25,296.13,282.02,92.275
2022-01-26,275.19,223.73,90.5
2022-01-27,263.76,117.79,90.35
2022-01-28,252.61,174.84,90.675
2022-01-31,213.46,193.67,83
2022-02-01,212.78,145.01,75.9
2022-02-02,205.98,152.7,76.075
2022-02-03,205.97,197.99,79.65
2022-02-04,193.87,136.38,81.85
2022-02-07,205.95,102.53,77.6
2022-02-08,202.99,138.2,75.665
2022-02-09,209.54,167.87,75.325
2022-02-10,204.72,192.23,74.675
2022-02-11,206.95,184.7,75.95
2022-02-14,189.13,108.55,79.325
2022-02-15,191.73,154.38,68.075
2022-02-16,149.08,115.58,69.05
2022-02-17,136.75,71.74,74
2022-02-18,155.18,117.72,72.85
2022-02-21,155.9,80.51,71.575
2022-02-22,175.08,122.56,78.85
2022-02-23,189.64,134.19,88.85
2022-02-24,189.03,125.07,118
2022-02-25,247.74,120.44,89.95
2022-02-28,253.28,219.69,98.525
2022-03-01,269.64,250.05,123
2022-03-02,277.36,279.19,175.05
2022-03-03,347.5,329.87,140
2022-03-04,364.76,367.42,194.825
2022-03-07,424.11,399.53,212.075
2022-03-08,541.39,512.17,208.95
2022-03-09,458.31,457.92,148.975
2022-03-10,362.94,277.58,120.325
2022-03-11,279.49,97.86,130.375
2022-03-14,299.49,273.67,109.5
2022-03-15,295.96,301.25,109.35
2022-03-16,278.03,232.99,97.6
2022-03-17,258.46,227.3,101
2022-03-18,234.7,230.88,95.35
2022-03-21,243.17,210.77,91.6
2022-03-22,239.78,236.52,94.625
2022-03-23,242.5,235.63,109.935
2022-03-24,249.95,239.26,98.725
2022-03-25,272.94,242.85,95.5
2022-03-28,251.62,223.08,102.75
2022-03-29,263.03,249.46,106.3
2022-03-30,302.06,267.97,115.75
2022-03-31,294.16,201.56,124.5
2022-04-01,320.47,167.19,111.7
2022-04-04,548.31,85.82,109.25
2022-04-05,307.43,192.91,107.125
2022-04-06,271.35,113.33,106.15
2022-04-07,216.69,75.48,103.05
2022-04-08,251.32,133.07,102.5
2022-04-11,227.25,233.61,100.925
2022-04-12,242.61,181.41,102.55
2022-04-13,236.72,226.87,103.6
2022-04-14,226.97,228.47,87
2022-04-19,217.07,223.94,91.2
2022-04-20,205.52,203.98,91.025
2022-04-21,204.16,196.66,98.15
2022-04-22,198.28,163.57,92.025
2022-04-25,227,229.72,93.635
2022-04-26,240.9,239.4,97.41
2022-04-27,222.52,227.18,103.55
2022-04-28,229.89,234.22,99.175
2022-04-29,227.53,226.75,95.5
2022-05-03,219.85,219.37,96.225
2022-05-04,235.75,230.59,101.7
2022-05-05,234.31,234.92,96
2022-05-06,225.68,227.96,86.975
2022-05-09,219.82,219.3,83
2022-05-10,206.21,182.9,81.5
2022-05-11,188.55,155.82,82.075
2022-05-12,199.65,169.42,88
2022-05-13,202.78,164.57,93.05
2022-05-16,220.99,210.95,92.5
2022-05-17,229.6,226.24,92
2022-05-18,212.81,207.33,89.075
2022-05-19,214.93,210.99,88.4
2022-05-20,204.75,202.74,84.95
2022-05-23,190.97,185.8,77.35
2022-05-24,184.51,168.78,79.075
2022-05-25,189.68,173.6,81.65
2022-05-26,165.58,67.67,82.275
2022-05-27,162.66,51.91,83.1
2022-05-30,225.38,217.19,87.1
2022-05-31,212.85,214.77,85.9
2022-06-01,214.29,211.81,76.275
2022-06-06,153.91,116.79,77.325
2022-06-07,188.85,194.27,78.3
2022-06-08,192.06,190.31,75.5
2022-06-09,185.76,184.06,83.25
2022-06-10,195.58,187.39,80.125
2022-06-13,203.68,166.94,80.3
2022-06-14,211.87,197.76,95.5
2022-06-15,238.23,210.93,109.7
2022-06-16,276.42,199.88,117
2022-06-17,305.89,245.36,106.75
2022-06-20,307.43,263.6,118
2022-06-21,355.94,287.33,123.55
2022-06-22,382.97,321.6,125.45
2022-06-23,353.82,293.68,128.6
2022-06-24,297.75,278.65,126.3
2022-06-27,336.5,316.08,129.075
2022-06-28,366.67,329.64,130
2022-06-29,335.72,319.01,139.2
2022-06-30,363.34,323.52,144.8
2022-07-01,337.9,314.03,145.85
2022-07-04,372.88,312.6,162.325
2022-07-05,371.02,316.61,160
2022-07-06,394.63,296.81,175.25
2022-07-07,380.3,213.33,185.525
2022-07-08,405.87,303.74,169
2022-07-11,390.23,384.1,162
2022-07-12,433.95,374.21,173.5
2022-07-13,447.88,341.93,181.825
2022-07-14,381.14,356.53,169.535
2022-07-15,400.19,333.04,154.5
2022-07-18,488.22,404.13,155.325
2022-07-19,522.3,392.54,151.3
2022-07-20,593.22,336.56,154.2
2022-07-21,551.59,396.73,154.775
2022-07-22,491.39,382.09,160.5
2022-07-25,379.28,324.14,174.45
2022-07-26,535.61,322.41,201.725
2022-07-27,529,415.04,203.9
2022-07-28,537.98,488.89,200
2022-07-29,495.8,449.87,191.8
2022-08-01,459.03,439.57,198.3
2022-08-02,475.45,398.6,200.3
2022-08-03,506.06,395.78,196
2022-08-04,478.32,412.58,198.15
2022-08-05,409.01,381.97,192.35
2022-08-08,362.44,369.91,190.875
2022-08-09,345.81,350.84,192.35
2022-08-10,337.13,339.49,202.475
2022-08-11,385.28,362.85,206.15
2022-08-12,444.95,416.48,199.975
2022-08-15,431.3,411.71,220.525
2022-08-16,505.48,488.13,223.4
2022-08-17,552.68,548.96,226.025
2022-08-18,552.54,557.17,238.7
2022-08-19,511.28,524.19,245.8
2022-08-22,574.38,556.11,282.025
2022-08-23,615.06,604.22,264.5
2022-08-24,643.23,618.09,292.5
2022-08-25,635.23,598.13,308
2022-08-26,712.24,695.29,305
2022-08-30,740.12,648.91,244
2022-08-31,650.95,618.96,230.525
2022-09-01,626.1,573.43,225.5
2022-09-02,522.51,406.9,174.8
2022-09-05,457.06,407.91,219.5
2022-09-06,515.64,446.22,229.875
2022-09-07,470.94,476.34,209.5
2022-09-08,440.44,429.4,206
2022-09-09,356.76,362.05,190.5
2022-09-12,415.15,415.04,190.5
2022-09-13,445.81,395.43,199.3
2022-09-14,462.73,446.69,219.775
2022-09-15,442.89,352.64,196.925
2022-09-16,381.88,217.39,173.25
2022-09-19,323.31,288.51,158.5
2022-09-20,381.33,374.92,176
2022-09-21,385.31,386.01,171.375
2022-09-22,407.83,390.22,169.5
2022-09-23,400.68,371.73,170.425
2022-09-26,274.9,259.98,168.7
2022-09-27,359,311.05,204
2022-09-28,397.27,399.21,197
2022-09-29,459.97,420.66,178
2022-09-30,329.69,306.35,159
2022-10-03,289.5,204.45,126.5
2022-10-04,298.75,249.85,80
2022-10-05,217.88,104.99,101.3
2022-10-06,258.34,118.61,129.5
2022-10-07,267.42,156.91,99.6
2022-10-10,207.43,186.8,103
2022-10-11,274.03,257.55,101.2
2022-10-12,286.2,278.72,103.375
2022-10-13,260.83,260.88,85.15
2022-10-14,256.92,253.9,65.75
2022-10-17,175.74,171.97,64.3
2022-10-18,190.24,186.15,71.4
2022-10-19,156.49,169.25,64
2022-10-20,144.84,137.07,54.5
2022-10-21,158.89,166.92,37.775
2022-10-24,88.6,98.61,27.6
2022-10-25,112.05,107.27,41
2022-10-26,111.32,123.49,29.5
2022-10-27,121.08,122.14,29.4
2022-10-28,108.81,106.26,36.9
2022-10-31,142.51,132.16,29.35
2022-11-01,89.96,70.21,23.7
2022-11-02,118.59,78.44,60
2022-11-03,122.68,103.27,66.1
2022-11-04,186.14,182,59.45
2022-11-07,122.94,88.23,65
2022-11-08,114.45,94.74,88.2
2022-11-09,139.4,130.15,86.225
2022-11-10,158.15,135.8,67.4
2022-11-11,138.47,129.96,69.35
2022-11-14,194.65,167.64,112
2022-11-15,183,173.68,115.9
2022-11-16,174.59,149.25,98.9
2022-11-17,163.96,96.52,107.4
2022-11-18,238.54,172.5,107.9
2022-11-21,244.2,224.43,112.1
2022-11-22,212.1,201.62,117
2022-11-23,185.52,183.43,129.355
2022-11-24,239,239.22,120
2022-11-25,262.07,255.38,125.8
2022-11-28,319.79,289.12,125.3
2022-11-29,374.31,372.07,132.65
2022-11-30,396.21,396.19,139.9
2022-12-01,392.75,396.32,135.4
2022-12-02,383.9,349.26,133.65
2022-12-05,374.3,347.79,136
2022-12-06,419.72,388.65,139.9
2022-12-07,429.87,312.27,148.82
2022-12-08,417.58,391.1,137
2022-12-09,447.1,417.72,144.95
2022-12-12,465.27,430.9,137.275
2022-12-13,464.87,431.49,138.85
2022-12-14,449.74,441.21,133.15
2022-12-15,403.8,405.29,134.1
2022-12-16,410.39,420.75,117.625
2022-12-19,199.63,169.88,106.7
2022-12-20,204.24,186.55,104.45
2022-12-21,216.3,209.25,94.2
2022-12-22,194.27,191.73,88.65
2022-12-23,168.45,184.9,84.05
2022-12-28,49.86,55.74,75.5
2022-12-29,33.14,16.2,79.4
2022-12-30,16.9,17.48,75
2023-01-03,144.05,143.58,66
2023-01-04,97.02,55.2,62.4
2023-01-05,128.44,109.05,66
2023-01-06,121.08,116.87,65.35
2023-01-09,127.7,124.39,72.475
2023-01-10,123.97,121.65,67.4
2023-01-11,89.16,89.89,62.425
2023-01-12,82.63,68.27,64.8
2023-01-13,80.62,67.62,63.025
2023-01-16,138.03,135.51,55
2023-01-17,178.48,137.31,60
2023-01-18,158.03,148.05,63.2
2023-01-19,184.76,145.55,61.7
2023-01-20,186.86,181.42,69.725
2023-01-23,205.47,202.86,67
2023-01-24,204.19,202.75,59.05
2023-01-25,185.99,183.29,58.15
2023-01-26,171.01,165.72,56.025
2023-01-27,170.99,168.91,57.65
2023-01-30,163.93,69.23,56.525
2023-01-31,158.96,113.27,58.025
2023-02-01,151.34,91.56,59.725
2023-02-02,154.63,136.62,56
2023-02-03,141.92,104.01,59.975
2023-02-06,171.5,170.56,59.65
2023-02-07,175.78,173.7,55.11
2023-02-08,164.83,150.67,54.7
2023-02-09,179.43,132.21,54.4
2023-02-10,158.85,123.83,55
2023-02-13,163.21,163.58,53.1
2023-02-14,155.92,157.05,53.2
2023-02-15,149.77,143.33,54.65
2023-02-16,147.45,134.57,51.5
2023-02-17,132.03,77.54,48.6
2023-02-20,135.95,69.39,49.375
2023-02-21,153.48,125.72,49.475
2023-02-22,149.63,147.94,50.3
2023-02-23,149.06,146.01,50.15
2023-02-24,148.87,115.49,52.3
2023-02-27,155.35,148.84,47.95
2023-02-28,161.23,151.52,47.3
2023-03-01,152.84,142.06,48.7
2023-03-02,166.13,144.59,47.4
2023-03-03,161.79,134.82,46.025
2023-03-06,159.61,144,43.95
2023-03-07,151.81,108.5,45.225
2023-03-08,139.55,139.26,42.925
2023-03-09,126.75,128.91,45.75
2023-03-10,121.05,112.46,52.975
2023-03-13,42.45,43.63,48.75
2023-03-14,86.16,70.66,45.5
2023-03-15,144.17,124.47,43.2
2023-03-16,105.71,105.73,44.8
2023-03-17,102.85,96.69,41.15
2023-03-20,125.1,119.96,38.75
2023-03-21,114.83,112.5,41.25
2023-03-22,88.69,76.88,39.2
2023-03-23,80.79,75.73,42.25
2023-03-24,56.03,52.48,41.65
2023-03-27,121.26,85.01,43.025
2023-03-28,121.92,113.84,42.775
2023-03-29,114.26,115.85,42.5
2023-03-30,80.91,77.06,42.85
2023-03-31,74.83,96.3,47.175
2023-04-03,122.77,120.31,51.7
2023-04-04,136.08,134.17,46.575
2023-04-05,143.22,141.37,45.5
2023-04-06,129.01,122.41,43
2023-04-11,97.06,82.69,43.9
2023-04-12,105.65,105.66,44.15
2023-04-13,118.88,110.29,43.025
2023-04-14,129.92,129.55,41.25
2023-04-17,124.1,122.6,41.6
2023-04-18,111.21,108.67,42.525
2023-04-19,109.04,86.99,40.3
2023-04-20,114.73,111.31,41.15
2023-04-21,118.6,90.77,40.45
2023-04-24,107.46,101.85,39.625
2023-04-25,111.42,102.21,40
2023-04-26,117.88,112.03,38.9
2023-04-27,107.19,113.32,39.125
2023-04-28,105.94,106.8,37.7
2023-05-02,107.22,104.65,37.05
2023-05-03,91.42,107.12,36.475
2023-05-04,87.67,96.88,35
2023-05-05,99.11,94.8,35.925
2023-05-09,100.51,95.35,35.825
2023-05-10,100.98,108.98,34.95
2023-05-11,111.23,115.43,34.1
2023-05-12,96.78,100.42,30.85
2023-05-15,88.03,107.49,31.215
2023-05-16,80.38,80.52,32.2
2023-05-17,82.5,81.34,31.15
2023-05-18,80.39,81.89,29.475
2023-05-19,78.6,87.54,29.2
2023-05-22,85,95.95,28.525
2023-05-23,73.2,74.94,29.425
2023-05-24,84.37,100.6,27.75
2023-05-25,70.89,83.14,25.15
2023-05-26,63.83,69.85,24.55
2023-05-30,75.27,82.85,25.575
2023-05-31,63.8,72.1,25.775
2023-06-01,71.49,71.33,23.325
2023-06-02,72.88,80.11,23.5
2023-06-05,81.96,88.76,28.975
2023-06-06,82.9,97.96,25.575
2023-06-07,87.73,101.02,26.65
2023-06-08,81.56,83.61,26.675
2023-06-09,84.83,84.59,32
2023-06-12,98.73,90.97,30.05
2023-06-13,93.26,91.82,35.65
2023-06-14,100.48,103.44,38.1
2023-06-15,113.88,119.84,40.7
2023-06-16,127.29,127.11,33.25
2023-06-19,114.77,122.57,34.9
2023-06-20,119.95,122.78,37.95
2023-06-21,124.46,126.25,37.925
2023-06-22,122.13,124.15,34.2
2023-06-23,108.14,107.53,32.7
2023-06-26,91.41,91.8,32.6
2023-06-27,102.9,102.91,35
2023-06-28,108.05,114.28,34.4
2023-06-29,109.96,117.04,34.375
2023-06-30,97.95,108.94,36.65
2023-07-03,70.5,58.25,34
2023-07-04,97.66,86.39,34.8
2023-07-05,79.14,67.44,34.075
2023-07-06,104.81,108.6,32.025
2023-07-07,92.21,104.58,32.2
2023-07-10,116.44,111.71,29.45
2023-07-11,102.02,104.78,28.6
2023-07-12,98.19,87.62,26.825
2023-07-13,100.48,98.2,26.525
2023-07-14,77.77,96.54,24.725
2023-07-17,81.66,81.35,25.075
2023-07-18,104.28,105.52,27.1
2023-07-19,88.32,100.45,26.225
2023-07-20,96.02,97.03,28.1
2023-07-21,89.62,103.31,27.2
2023-07-24,87.5,90.52,29.85
2023-07-25,93.03,101.91,32.075
2023-07-26,97.28,95,28.6
2023-07-27,88.38,96.24,28.05
2023-07-28,93.99,97.21,25.25
2023-07-31,70.03,71.91,26.925
2023-08-01,77.8,80.97,26.125
2023-08-02,51.98,66.28,27.8
2023-08-03,52.23,51.11,30.075
2023-08-04,93.44,96.4,28.4
2023-08-07,70.91,22.58,29.025
2023-08-08,69.21,25.37,29.325
2023-08-09,93.38,88.18,37
2023-08-10,95.52,103.88,34.525
2023-08-11,95.62,101.57,31.6
2023-08-14,88.97,105.29,31.625
2023-08-15,87.2,96.14,35.925
2023-08-16,104.44,112.46,34.95
2023-08-17,100.9,109.45,33.1
2023-08-18,94.66,107.03,34.15
2023-08-21,114.68,120.24,39.5
2023-08-22,119.44,124.53,43.425
2023-08-23,147.67,141.16,36.4
2023-08-24,141.66,141.02,32.025
2023-08-25,111.58,118.79,37.5
2023-08-29,109.31,125.48,35.3
2023-08-30,104.99,114.68,35.9
2023-08-31,102.37,104.25,32.2
2023-09-01,101.72,111.47,33.15
2023-09-04,88.83,107.01,31.95
2023-09-05,95.04,105.45,33.4
2023-09-06,100.96,105.98,31.4
2023-09-07,100.41,100.77,33.025
2023-09-08,102.44,108.15,34.65
2023-09-11,115.93,135.97,37.65
2023-09-12,108.57,134.15,35.9
2023-09-13,104.93,109.39,37.5
2023-09-14,101.29,123.61,35.9
2023-09-15,95.46,109.49,36.675
2023-09-18,74.01,88.39,34.35
2023-09-19,40.58,43.73,38.1
2023-09-20,44.4,56.23,37.675
2023-09-21,85.83,103.93,39.1
2023-09-22,86.96,105.57,40.55
2023-09-25,94.39,109.42,44.75
2023-09-26,112.72,131.72,40.1
2023-09-27,101.1,126.84,40.25
2023-09-28,94.84,113.66,39.5
2023-09-29,94.13,105.35,37.325
2023-10-02,109.14,116.45,32.15
2023-10-03,47.35,21.52,30.95
2023-10-04,78.13,72.72,33.15
2023-10-05,93.44,100.41,28.175
2023-10-06,80.38,68.77,32.25
2023-10-09,115.48,107.18,40.7
2023-10-10,101.79,108.09,45.325
2023-10-11,82.82,62.53,44.825
2023-10-12,126.89,126.95,48.625
2023-10-13,59.7,58,55.75
2023-10-16,134.95,137.1,47.125
2023-10-17,106.8,130.54,46.45
2023-10-18,57.97,93.56,48.4
2023-10-19,85.93,94.59,44.825
2023-10-20,84.49,80.39,45.7
2023-10-23,115.81,123.56,48.7
2023-10-24,115.7,118.17,48.35
2023-10-25,107.97,123.73,48.225
2023-10-26,119.76,124.28,47.9
2023-10-27,98.78,118.76,47.1
2023-10-30,95.46,103.06,47.85
2023-10-31,107.85,103.73,40.9
2023-11-01,36.72,60.57,36.95
2023-11-02,57.29,58.29,40.65
2023-11-03,58.38,62.02,39.85
2023-11-06,76.81,68.28,40.525
2023-11-07,101.76,97.15,43.4
2023-11-08,91.89,90.13,44.05
2023-11-09,97.8,98.16,42.425
2023-11-10,94.42,96.44,43.4
2023-11-13,72.9,95.55,41.6
2023-11-14,68.49,67.08,44.5
2023-11-15,94.13,101.88,45.55
2023-11-16,106.12,118.14,45.5
2023-11-17,121.26,120.33,44.35
2023-11-20,100.87,103.26,45.9
2023-11-21,118.56,123.31,43.75
2023-11-22,108.23,110.1,44.225
2023-11-23,80.83,60.9,46.45
2023-11-24,75.94,64.24,47.05
2023-11-27,115.45,121.1,44.425
2023-11-28,123.64,121.47,44.9
2023-11-29,140.75,138.08,41.65
2023-11-30,168.88,168.04,40.9
2023-12-01,155.63,159.45,43.6
2023-12-04,111.84,120.63,39.6
2023-12-05,113.8,115.15,37.665
2023-12-06,128.8,133.46,39.075
2023-12-07,104.58,117.08,39.7
2023-12-08,102.61,104.02,38.225
2023-12-11,82.28,87.33,35.5
2023-12-12,87.72,105.73,34.65
2023-12-13,91,93.65,34.95
2023-12-14,94.54,108.02,34.125
2023-12-15,92.51,92.45,31.3
2023-12-18,83.28,77.29,34.2
2023-12-19,80.09,76.25,32.125
2023-12-20,66.22,59.36,32.9
2023-12-21,36.11,26.89,33.15
2023-12-22,27.62,20.34,32.6
2023-12-27,55.31,59.28,33.9
2023-12-28,21.9,20.27,31.425
2023-12-29,15.9,6.92,30.85
2024-01-02,35.43,55.77,28.475
2024-01-03,48.44,45.42,31.69
2024-01-04,80.18,85.26,32.15
2024-01-05,90.38,92.17,34.475
2024-01-08,102.19,102.22,31.4
2024-01-09,106.56,111.24,31.25
2024-01-10,109.88,113.49,31.05
2024-01-11,106.67,109.39,31.2
2024-01-12,106.57,105,31.95
2024-01-15,89.27,87.45,30.725
2024-01-16,102.48,99.94,29.775
2024-01-17,85.18,99.76,28
2024-01-18,85.91,92.87,28.75
2024-01-19,82.3,79.41,27.85
2024-01-22,56.62,45.12,27.3
2024-01-23,56.58,53.3,26.6
2024-01-24,50.48,39.44,29.05
2024-01-25,73.33,77.99,27.225
2024-01-26,65.92,60.93,27.75
2024-01-29,77.31,77.9,28.3
2024-01-30,78.12,77.93,29.85
2024-01-31,74.28,73.35,29.5
2024-02-01,75.68,70.7,28.8
2024-02-02,66.14,61.44,28.75
2024-02-05,54.57,45.89,27.6
2024-02-06,53.68,44.3,29.025
2024-02-07,58.89,79.21,28.725
2024-02-08,49.51,89.28,27.625
2024-02-09,50.67,70.86,26.65
2024-02-12,73.6,73.12,25.7
2024-02-13,70.68,72.65,25.3
2024-02-14,65.05,69.08,24.6
2024-02-15,56.5,71,24.575
2024-02-16,61.09,61.33,24.575
2024-02-19,61.86,65.42,23.325
2024-02-20,62.12,63.11,23.9
2024-02-21,54.22,56.31,23.925
2024-02-22,39.75,48.68,22.925
2024-02-23,48.01,44.01,23.325
2024-02-26,65.83,65.44,24.225
2024-02-27,68.65,74.88,24.75
2024-02-28,66.71,71.7,25.3
2024-02-29,63.85,62.88,24.85
2024-03-01,67.13,69.71,25.675
2024-03-04,74.49,76.02,27.275
2024-03-05,76.79,74.7,27.325
2024-03-06,81.76,82.95,26.1
2024-03-07,73.05,75.45,25.8
2024-03-08,65.08,61.64,26.35
2024-03-11,72.65,73.52,25.025
2024-03-12,71.75,83.88,25
2024-03-13,61.98,72.27,24.55
2024-03-14,58.04,66.4,25.35
2024-03-15,42.64,55.37,27
2024-03-18,66.75,79.37,28.5
2024-03-19,68.72,82.32,28.825
2024-03-20,59.28,90.54,27.575
2024-03-21,52.97,80.09,26.35
2024-03-22,35.01,67.36,27.375
2024-03-25,45.72,79.14,27.95
2024-03-26,48.36,65.97,27.2
2024-03-27,49.13,75.14,27.4
2024-03-28,16.93,49.61,27.75
2024-04-02,19.71,38.7,26.525
2024-04-03,12.95,81.57,25.75
2024-04-04,10.19,64.11,25.85
2024-04-05,5.5,47.3,26.45
2024-04-08,4.69,81.2,27.8
2024-04-09,2.85,53.49,27.3
2024-04-10,37.79,70.95,27.4
2024-04-11,17.79,62.8,29.15
2024-04-12,21.16,59.25,30.225
2024-04-15,3.57,58.23,31.6
2024-04-16,4.01,63.66,33.975
2024-04-17,45.14,106.92,31.85
2024-04-18,54.49,94.62,32.6
2024-04-19,17.68,56.99,31.315
2024-04-22,62.31,99.07,29.775
2024-04-23,82.76,96.26,29.1
2024-04-24,68.75,92.16,30.1
2024-04-25,78.73,91.65,30.2
2024-04-26,80.92,88.48,28.625
2024-04-29,61.58,83.52,27.8
2024-04-30,56.33,69.16,29.2
2024-05-01,12.08,3.47,28.45
2024-05-02,18.5,42.69,30.8
2024-05-03,26.78,75.26,30.25
2024-05-07,59.22,93.85,31.7
2024-05-08,22.65,92.9,30.525
2024-05-09,16.53,62.03,30.65
2024-05-10,13.91,75.15,29.3
2024-05-13,21.91,53.24,28.75
2024-05-14,6.72,28.6,28.95
2024-05-15,21.5,41.25,29.425
2024-05-16,30.65,49.14,30.125
2024-05-17,44.97,67.92,30.8
2024-05-20,19.09,56.21,32.4
2024-05-21,32.15,77.27,33.125
2024-05-22,30.91,86.9,34.275
2024-05-23,51.63,97.98,35.325
2024-05-24,72.13,102.61,34.35
2024-05-28,19.5,91.3,34
2024-05-29,32.43,82.31,34.375
2024-05-30,16.9,92.65,34.95
2024-05-31,6.36,91.33,34.4
2024-06-03,34.58,103.46,35.975
2024-06-04,46.1,106.14,33.9
2024-06-05,38.86,84.2,33.35
2024-06-06,54.34,90.57,33
2024-06-07,54.7,83.39,32.775
2024-06-10,29.07,89.16,34.675
2024-06-11,44.27,63.54,34.05
2024-06-12,35.03,89.3,35.1
2024-06-13,21.29,94.44,35.275
2024-06-14,16.8,79.64,35.25
2024-06-17,33.44,95.31,34.15
2024-06-18,37.72,98.79,34.2
2024-06-19,57.43,82.79,34.9
2024-06-20,80.81,94.8,33.925
2024-06-21,80.12,94.47,34
2024-06-24,54.46,91.94,34.2
2024-06-25,50.86,82.39,34.65
2024-06-26,104.96,94.65,33.675
2024-06-27,62.56,95.91,33.975
2024-06-28,36.57,64.37,33.95
2024-07-01,51.45,91.86,33
2024-07-02,53.57,85.79,33.125
2024-07-03,32.14,88.58,32.425
2024-07-04,10.8,31.8,33.075
2024-07-05,29.54,43.75,32.575
2024-07-08,67.9,94.13,31.6
2024-07-09,47.47,74.65,30.775
2024-07-10,69.52,81.78,30.475
2024-07-11,77.53,90.94,30.825
2024-07-12,53.56,87.8,31.475
2024-07-15,46.62,78.3,31.075
2024-07-16,44.37,50.56,32.7
2024-07-17,74.67,75.51,31.55
2024-07-18,82.04,92.49,32.15
2024-07-19,79.12,85.7,31.625
2024-07-22,58.72,83.45,31.7
2024-07-23,55.13,80.88,31.2
2024-07-24,41.84,66.28,32.675
2024-07-25,55.95,81,31.825
2024-07-26,64.68,91.67,32.325
2024-07-29,34.92,76.79,33.6
2024-07-30,55.01,81.04,34.125
2024-07-31,66.22,80.78,34.9
2024-08-01,79.17,95.22,36.025
2024-08-02,75.77,95.26,36.2
2024-08-05,48.47,96.63,35.175
2024-08-06,42.95,88.11,35.975
2024-08-07,34.07,92.04,38.025
2024-08-08,29.22,92.89,39.275
2024-08-09,25.57,52.08,39.1
2024-08-12,51.55,88.47,38.8
2024-08-13,82.02,97.89,38.2
2024-08-14,84.56,111.9,38.3
2024-08-15,42.78,85.46,38.825
2024-08-16,77.57,104.72,39.025
2024-08-19,86.56,109.26,39.25
2024-08-20,52.59,89.47,37.15
2024-08-21,40.18,53.21,36.405
2024-08-22,38.19,61.82,36
2024-08-23,37.87,44.63,36.7
2024-08-27,69.59,95.28,38.3
2024-08-28,89.63,95.48,38.775
2024-08-29,99.32,112.47,38.85
2024-08-30,95.24,110.03,39.1
2024-09-02,105.09,111.31,38.625
2024-09-03,104.74,144.09,37.1
2024-09-04,104.35,126.37,35.575
2024-09-05,83.47,63.21,35.55
2024-09-06,81.2,80.29,36.15
2024-09-09,58.14,103.63,36.825
2024-09-10,39.34,57.12,35.075
2024-09-11,58.98,87.77,36.275
2024-09-12,68.63,113.95,35.525
2024-09-13,57.32,87.32,35.95
2024-09-16,38.95,101.14,34.375
2024-09-17,24.6,88.11,35.2
2024-09-18,48.53,77.76,34.875
2024-09-19,53.31,76.9,32.475
2024-09-20,57.02,74.6,34.5
2024-09-23,55.97,114.98,36.45
2024-09-24,53.63,91.65,36.35
2024-09-25,39.43,79.51,37.375
2024-09-26,26.91,53.09,38.05
2024-09-27,15.24,16.16,38.375
2024-09-30,11.97,41.48,38.625
2024-10-01,68.92,74.56,38.875
2024-10-02,88.09,96.37,38.5
2024-10-03,59.61,77.39,39.525
2024-10-04,89.72,98.14,40.425
2024-10-07,55.68,86.44,40.1
2024-10-08,31.33,91.93,38.125
2024-10-09,32.89,81.57,37.875
2024-10-10,54,60.89,39.575
2024-10-11,86.04,92.59,39.5
2024-10-14,92,84.51,39.9
2024-10-15,66.35,91.52,39.385
2024-10-16,30.39,36.02,38.75
2024-10-17,62.23,77.29,39.225
2024-10-18,66.58,103.78,38.695
2024-10-21,73.58,54.75,39.85
2024-10-22,86.86,100.71,40.925
2024-10-23,83.33,113.14,41.325
2024-10-24,64.39,101.22,41.95
2024-10-25,60.43,113.59,43.35
2024-10-28,81.7,95.32,42.15
2024-10-29,86.57,136.15,42.075
2024-10-30,79.65,129.7,40.525
2024-10-31,97.29,102.32,38.85
2024-11-01,81.16,69.38,38
2024-11-04,108.28,130.58,40.1
2024-11-05,115.45,155.96,40.2
2024-11-06,116.31,225.5,40.5
2024-11-07,109.46,168.2,41
2024-11-08,112.33,114.03,41.65
2024-11-11,99.89,118.31,43.84
2024-11-12,103.36,166.93,43.825
2024-11-13,123.53,152.93,43.7
2024-11-14,125.47,123.99,45.9
2024-11-15,123.91,124.85,45.725
2024-11-18,113.19,99.45,46.8
2024-11-19,88.71,123.19,45.7
2024-11-20,112.1,114.72,46.7
2024-11-21,113.94,123.11,48.575
2024-11-22,111.15,110.36,46.575
2024-11-25,70.13,35.22,47.6
2024-11-26,114.01,113.78,46.625
2024-11-27,81.16,118.45,46.5
2024-11-28,111.68,72.35,46.575
2024-11-29,113.83,137.67,46.975
2024-12-02,108.07,109.23,48.4
2024-12-03,143.16,141.67,48.375
2024-12-04,144.28,183.39,46.775
2024-12-05,104.59,102.47,46.1
2024-12-06,89.4,89.76,45.9
2024-12-09,90.39,96.97,45.045
2024-12-10,126.72,147.33,45.6
2024-12-11,164.63,251.83,44.825
2024-12-12,173.45,357.85,42.8
2024-12-13,176.14,186.65,40.975
2024-12-16,78.16,56.34,39.78
2024-12-17,93.74,91.23,41.325
2024-12-18,56.77,53.94,40.725
2024-12-19,60.27,51.25,42.7
2024-12-20,79.47,73.56,43.245
2024-12-23,68.42,60.81,45.025
2024-12-24,102.71,100.91,45.25
2024-12-27,120.36,114.95,47.475
2024-12-30,117.88,77.54,47.525
2024-12-31,95.56,57.57,48.65
2025-01-02,110.35,98.52,49.85
2025-01-03,115.91,93.82,49.45
2025-01-06,35.76,30.6,46.95
2025-01-07,76.49,60.39,47.675
2025-01-08,103.76,106.09,45.8
2025-01-09,86.72,122.79,45.5
2025-01-10,114.01,113.14,46.16
2025-01-13,125.66,127.36,49.225
2025-01-14,136.6,126.59,47.675
2025-01-15,160.78,227.2,47.3
2025-01-16,139.9,152.52,47
2025-01-17,142.87,147.53,48.365
2025-01-20,197.28,203.22,49.55
2025-01-21,159.38,169.67,50.375
2025-01-22,146.58,143.88,48.685
2025-01-23,108.69,105.05,48.675
2025-01-24,77.29,80.45,49.475
2025-01-27,28.98,67.47,47.7
2025-01-28,30.99,106.41,48.345
2025-01-29,74.39,107.33,51.4
2025-01-30,110.09,135.79,51.935
2025-01-31,132.18,140.86,53.7
2025-02-03,150.77,168.06,53.95
2025-02-04,140.9,142.77,52.025
2025-02-05,145.53,142.76,53.675
2025-02-06,142.26,150.2,54.5
2025-02-07,128.97,117.41,55.65
2025-02-10,144.03,125.19,58.35
2025-02-11,141.99,122.49,57.55
2025-02-12,154.32,153.9,55.9
2025-02-13,150.62,168.06,51.9
2025-02-14,147.69,185.01,51.5
2025-02-17,145.1,156.41,48.525
2025-02-18,129.06,133.22,49.6
2025-02-19,116.66,110.83,47.625
2025-02-20,98.87,98.78,46.75
2025-02-21,63.19,90.07,46
2025-02-24,89.03,91.09,46.9
2025-02-25,104.22,141.17,44
2025-02-26,101.84,137.67,41.4
2025-02-27,115.3,127.59,45.4
2025-02-28,112.33,130.88,44.75
2025-03-03,118.27,105.27,45.61
2025-03-04,107.98,107.94,43.55
2025-03-05,87.7,80.95,41.025
2025-03-06,71.84,90.96,37.55
2025-03-07,60.16,104.53,39.595
2025-03-10,93.22,115.3,41.675
2025-03-11,101.45,124.4,43.185
2025-03-12,111.91,126.1,42.475
2025-03-13,121.71,124.47,41.2
2025-03-14,115.91,121.69,42
2025-03-17,97.28,100.53,41.225
2025-03-18,76.01,91.12,39.925
2025-03-19,68.11,104.41,42.665
2025-03-20,44.85,107.71,41.9
2025-03-21,30.59,64.99,42.05
2025-03-24,102.67,124.93,42.11
2025-03-25,93.66,110.38,41.025
2025-03-26,98.57,114.3,40.625
2025-03-27,80.29,99.09,40.8
2025-03-28,61.54,87.61,39.775
2025-03-31,62.15,100.53,40.575
2025-04-01,50.83,93.21,42.11
2025-04-02,28.21,63.09,41.125
2025-04-03,51.09,80.44,39.525
2025-04-04,38.34,88.19,36.8
2025-04-07,66.43,96.1,35.775
2025-04-08,58.3,101.76,35.825
2025-04-09,33.63,90.44,33.575
2025-04-10,28.82,81.68,33.25
2025-04-11,37.88,66.16,33.18
2025-04-14,33.89,99.03,34.44
2025-04-15,19.8,70.39,34.275
2025-04-16,57.98,88.83,35.625
2025-04-17,61.09,96.63,35.43
2025-04-22,71.5,107.04,34.225
2025-04-23,67.85,110.2,34.275
2025-04-24,78.25,98.95,33.485
2025-04-25,65.32,90.74,31.9
2025-04-28,45.91,79.95,31.85
2025-04-29,29.42,74.81,31.5
2025-04-30,42.85,74.78,31.72
2025-05-01,8.26,44.82,31.65
2025-05-02,17.65,62.29,33.025
2025-05-06,14.04,88.72,34.7
2025-05-07,22.27,97.91,34.3
2025-05-08,10.16,101.19,35.31
2025-05-09,15.76,84.69,34.275
2025-05-12,29.01,63.5,35.35
2025-05-13,46.48,81.24,35.175
2025-05-14,31.84,68.06,34.525
2025-05-15,13.74,66.66,34.9
2025-05-16,12.26,73.28,34.8
2025-05-19,24.54,95.12,34.85
2025-05-20,23.53,91.35,37.345
2025-05-21,32.82,70.11,36.6
2025-05-22,19.68,62.47,36.02
2025-05-23,17.5,80.64,36.15
2025-05-27,29.92,64.57,36.575
2025-05-28,28.62,78.7,36.3
2025-05-29,30.17,52.6,34.575
2025-05-30,46.2,52.54,33.675
2025-06-02,35.77,89.86,34.65
2025-06-03,17.27,70.81,35.475
2025-06-04,19.04,85.29,35.375
2025-06-05,7.23,77.85,36.175
2025-06-06,23.71,50.3,35.9
2025-06-09,15.83,34.6,35.345
2025-06-10,28.23,62.53,34.575
2025-06-11,27.49,72.9,35.45
2025-06-12,31.33,59.29,36
2025-06-13,50.61,52.6,37.45
2025-06-16,36.74,82.76,37.55
2025-06-17,51.67,88.33,38.85
2025-06-18,63.58,78.93,38.33
2025-06-19,47.21,56.1,41.4
2025-06-20,73.66,85.63,40.25
2025-06-23,30.25,43.98,39.95
2025-06-24,56.73,46.27,35.35
2025-06-25,80.17,83.2,35.175
2025-06-26,79.9,89.92,33.225
2025-06-27,83.23,79.85,32.55
2025-06-30,100.91,102.48,32.6
2025-07-01,118.26,127.43,33
2025-07-02,91.55,103.28,32.615
2025-07-03,82.08,88.33,32.9
2025-07-04,68.23,81.93,32.675
2025-07-07,37.75,92.9,33.125
2025-07-08,37.75,90.6,34.1
2025-07-09,49.62,93.3,34.275
2025-07-10,65.08,92.63,34.475
2025-07-11,56.69,88.05,35.025
2025-07-14,52.26,101.81,34.57
2025-07-15,58.09,90.77,33.675
2025-07-16,67.68,96.35,34.1
2025-07-17,90.83,94.15,34.1
2025-07-18,91.87,103.23,32.845
2025-07-21,26.58,101.31,32.73
2025-07-22,59.96,78.68,32.8
2025-07-23,83.83,79.5,32.5
2025-07-24,74.36,103.33,31.985
2025-07-25,70.59,97.45,31.675
2025-07-28,40.68,88.73,32.4
2025-07-29,42.87,77.77,33.35
2025-07-30,51.31,77.62,33.825
2025-07-31,65.92,85.79,34.125
2025-08-01,63.92,93.29,32.63
2025-08-04,41.06,68.72,33.025
2025-08-05,16.57,41.59,33.4
2025-08-06,50.84,63.72,32.7
2025-08-07,52.9,72.68,32.25
2025-08-08,54.69,77.67,31.375
2025-08-11,56.98,84.23,32.275
2025-08-12,80.07,86.63,31.7
2025-08-13,96.64,97.13,32.475
2025-08-14,89.01,107.52,31.775
2025-08-15,57.03,73.73,30.6
2025-08-18,71.5,95.12,30.525
2025-08-19,70.71,83.07,30.7
2025-08-20,59.47,90.27,32
2025-08-21,35.74,90.96,33.2
2025-08-22,53.49,75,33.125
2025-08-26,77.18,97.74,33.25
2025-08-27,87.49,105.13,32.575
2025-08-28,56.65,117.64,31.65
2025-08-29,34.71,95.61,31.05
2025-09-01,56.84,98.57,31.85
2025-09-02,53.03,118.31,31.3
2025-09-03,49.04,61.36,31.025
2025-09-04,57.07,95.24,31.85
2025-09-05,68.17,103.98,31.225
2025-09-08,71.63,120.76,32.95
2025-09-09,64.27,140.29,33.025
2025-09-10,46.95,129.21,32.825
2025-09-11,44.28,69.51,31.525
2025-09-12,49.25,59.71,32.15
2025-09-15,41.63,13.2,31.8
2025-09-16,55.77,23.35,31.805
2025-09-17,67.77,73.76,32.025
2025-09-18,67.22,68.68,32.47
2025-09-19,63.96,93.33,31.85
2025-09-22,46.06,105.01,32.025
2025-09-23,46.49,105.88,32.575
2025-09-24,58.01,80.7,31.89
2025-09-25,71.85,79.02,32.45
2025-09-26,83.14,95.96,32.3
2025-09-29,69.67,132.68,31.93
2025-09-30,70.22,136.28,31.4
2025-10-01,62.95,131.03,32.025
2025-10-02,54.62,102.11,31.075
2025-10-03,44.43,58.67,30.875
2025-10-06,75.26,85.24,33.9
2025-10-07,89.18,138.61,33.7
2025-10-08,95.09,123.37,32.575
2025-10-09,83.51,104.56,32.3
2025-10-10,83.46,95.93,32.725
2025-10-13,80.66,143.76,32.13
2025-10-14,93.98,148.44,32.05
2025-10-15,89.24,143.1,32.2
2025-10-16,87.08,102.76,32.55
2025-10-17,92.52,106.7,31.93
2025-10-20,32.48,79.35,31.405
2025-10-21,58.51,69.11,32.33
2025-10-22,64.59,125.76,31.875
2025-10-23,11.21,72.88,32.5
2025-10-24,36.83,29.24,32.1
2025-10-27,49.49,68.35,31.425
2025-10-28,56.65,66.54,31.72
2025-10-29,81.97,89.45,31.625
2025-10-30,52.96,73.79,30.575
2025-10-31,22.35,91.47,30.35
2025-11-03,44.47,77.85,31.125
2025-11-04,21.32,79.2,31.895
2025-11-05,21.69,95.87,31.55
2025-11-06,63.91,107.43,31.52
2025-11-07,66.97,113.14,31.17
2025-11-10,48.99,125.69,30.24
2025-11-11,22.35,96.63,29.97
2025-11-12,21.06,77.46,30.135
2025-11-13,31.39,73.05,29.9
2025-11-14,26.15,103.97,30.745
2025-11-17,65.07,96.7,31.51
2025-11-18,88.1,103.03,31.635
2025-11-19,87.72,102.18,30.95
2025-11-20,102.08,122.43,31.4
2025-11-21,113.13,144.25,30.49
2025-11-24,77.42,126.89,30.255
2025-11-25,70.99,213.9,29.895
2025-11-26,96.77,175.53,29.5
2025-11-27,82.81,90.69,28.945
2025-11-28,78.93,86.49,28.8
2025-12-01,77.1,95.14,28.375
2025-12-02,84.21,103.14,28.33
2025-12-03,88.92,167.67,28.325
2025-12-04,76.86,127.42,27.05
2025-12-05,78.19,140.57,26.7
2025-12-08,35.42,70.55,26.5
2025-12-09,28.77,89.88,27.4
2025-12-10,67.17,81.63,26.75
2025-12-11,80.23,95.22,27.15
2025-12-12,84.09,115.32,27.565
2025-12-15,74.41,91.71,27.51
2025-12-16,91.97,108.26,26.96
2025-12-17,83.2,106.56,26.95
2025-12-18,33.23,72.84,27.065
2025-12-19,70.47,74.11,28.14
2025-12-22,74.31,86.72,27.535
2025-12-23,75.82,75.83,27.725
2025-12-24,36.27,63.92,28.36
2025-12-29,93.96,94.73,28.82
2025-12-30,84.78,89.81,27.88
2025-12-31,88.53,84.24,28.15
2026-01-02,72.34,55.62,29.45
2026-01-05,128.72,135.06,28.25
2026-01-06,127.02,124.81,28.85
2026-01-07,104.89,100.08,29.25
2026-01-08,107.22,143.75,28.225
2026-01-09,71.15,76.85,28.975
2026-01-12,86.74,103.66,30.475
2026-01-13,90.64,108.74,31.58
2026-01-14,112.6,119.19,32.15
2026-01-15,96.88,101.81,33.5
2026-01-16,113.74,110.98,38.45
2026-01-19,134.45,138.63,36.65
2026-01-20,100.95,152.8,36
2026-01-21,85.82,115.84,40.24
2026-01-22,90.93,106.22,38.35
2026-01-23,103.04,109.86,40.535
2026-01-26,115.98,156.76,40.625
2026-01-27,95.06,133.19,39.8
2026-01-28,126.66,135.48,39.6
2026-01-29,117.43,135.49,40.27
2026-01-30,103.47,112.83,40.65
2026-02-02,108.76,107.21,34.35
2026-02-03,87.36,97.79,33.865
2026-02-04,87.68,104.7,34.2
2026-02-05,71.01,109.23,34.45
2026-02-06,69.6,123.06,36.41
2026-02-09,81.83,139.4,33.725
2026-02-10,54.5,118.53,31.68
2026-02-11,13.82,112.23,31.975
2026-02-12,16.9,103.84,32.73
2026-02-13,58.71,107.76,32.015
2026-02-16,12.57,96.33,30.935
2026-02-17,47.28,99.74,29.965
2026-02-18,28.02,110.95,31.165
2026-02-19,38.1,91.65,32.67
2026-02-20,47.09,86.67,30.75
2026-02-23,28.31,72.07,31.775
2026-02-24,31.09,115.18,30.45
2026-02-25,27.38,93.3,30.44
2026-02-26,21.93,75.18,31.35
2026-02-27,12.86,66.85,32.175
2026-03-02,30.52,59.13,43.77
2026-03-03,60.11,94.02,53.3
2026-03-04,76.34,107.13,46.85
2026-03-05,81.88,139.89,49.8
2026-03-06,72.88,113.38,51.305
